{
  "variants": {
    "facing=east,lit=false": {
      "model": "minecraft:block/overworld/functional_blocks/furnace/furnace",
      "y": 90
    },
    "facing=east,lit=true": {
      "model": "minecraft:block/overworld/functional_blocks/furnace/furnace_on",
      "y": 90
    },
    "facing=north,lit=false": {
      "model": "minecraft:block/overworld/functional_blocks/furnace/furnace"
    },
    "facing=north,lit=true": {
      "model": "minecraft:block/overworld/functional_blocks/furnace/furnace_on"
    },
    "facing=south,lit=false": {
      "model": "minecraft:block/overworld/functional_blocks/furnace/furnace",
      "y": 180
    },
    "facing=south,lit=true": {
      "model": "minecraft:block/overworld/functional_blocks/furnace/furnace_on",
      "y": 180
    },
    "facing=west,lit=false": {
      "model": "minecraft:block/overworld/functional_blocks/furnace/furnace",
      "y": 270
    },
    "facing=west,lit=true": {
      "model": "minecraft:block/overworld/functional_blocks/furnace/furnace_on",
      "y": 270
    }
  }
}