{
	"format_version": "1.21.6",
	"credit": "§2§kSpazma§r§4§knazer §r§1§kTwins§r§f§k: §r§7§kdo you like puzzles?",
	"parent": "block/block",
	"textures": {
		"particle": "#leaves_1"
	},
	"elements": [
		{
			"from": [8, 16, 0],
			"to": [22, 16, 16],
			"rotation": {"angle": 22.5, "axis": "z", "origin": [8, 16, 8]},
			"faces": {
				"up": {"uv": [0, 0, 16, 14], "rotation": 90, "texture": "#leaves_1", "cullface": "up", "tintindex": 0},
				"down": {"uv": [0, 14, 16, 0], "rotation": 270, "texture": "#leaves_1", "cullface": "up", "tintindex": 0}
			}
		},
		{
			"from": [-6, 16, 0],
			"to": [8, 16, 16],
			"rotation": {"angle": -22.5, "axis": "z", "origin": [8, 16, 8]},
			"faces": {
				"up": {"uv": [0, 0, 16, 14], "rotation": 270, "texture": "#leaves_1", "cullface": "up", "tintindex": 0},
				"down": {"uv": [0, 14, 16, 0], "rotation": 90, "texture": "#leaves_1", "cullface": "up", "tintindex": 0}
			}
		},
		{
			"from": [0, 15.39104, 11.06147],
			"to": [16, 15.39104, 25.06147],
			"rotation": {"angle": -22.5, "axis": "x", "origin": [8, 8, 8]},
			"faces": {
				"up": {"uv": [0, 14, 16, 0], "texture": "#leaves_1", "cullface": "up", "tintindex": 0},
				"down": {"uv": [0, 0, 16, 14], "texture": "#leaves_1", "cullface": "up", "tintindex": 0}
			}
		},
		{
			"from": [0, 15.39104, -9.06147],
			"to": [16, 15.39104, 4.93853],
			"rotation": {"angle": 22.5, "axis": "x", "origin": [8, 8, 8]},
			"faces": {
				"up": {"uv": [0, 0, 16, 14], "texture": "#leaves_1", "cullface": "up", "tintindex": 0},
				"down": {"uv": [0, 14, 16, 0], "texture": "#leaves_1", "cullface": "up", "tintindex": 0}
			}
		},
		{
			"from": [13.53073, 11.69552, 0],
			"to": [23.53073, 11.69552, 16],
			"rotation": {"angle": 22.5, "axis": "z", "origin": [8, 8, 8]},
			"faces": {
				"up": {"uv": [16, 3, 0, 13], "rotation": 90, "texture": "#leaves_1", "cullface": "up", "tintindex": 0},
				"down": {"uv": [16, 13, 0, 3], "rotation": 270, "texture": "#leaves_1", "cullface": "up", "tintindex": 0}
			}
		},
		{
			"from": [-7.53073, 11.69552, 0],
			"to": [2.46927, 11.69552, 16],
			"rotation": {"angle": -22.5, "axis": "z", "origin": [8, 8, 8]},
			"faces": {
				"up": {"uv": [16, 3, 0, 13], "rotation": 270, "texture": "#leaves_1", "cullface": "up", "tintindex": 0},
				"down": {"uv": [16, 13, 0, 3], "rotation": 90, "texture": "#leaves_1", "cullface": "up", "tintindex": 0}
			}
		},
		{
			"from": [0, 11.69552, 13.53073],
			"to": [16, 11.69552, 23.53073],
			"rotation": {"angle": -22.5, "axis": "x", "origin": [8, 8, 8]},
			"faces": {
				"up": {"uv": [16, 13, 0, 3], "texture": "#leaves_1", "cullface": "up", "tintindex": 0},
				"down": {"uv": [16, 3, 0, 13], "texture": "#leaves_1", "cullface": "up", "tintindex": 0}
			}
		},
		{
			"from": [0, 11.69552, -7.53073],
			"to": [16, 11.69552, 2.46927],
			"rotation": {"angle": 22.5, "axis": "x", "origin": [8, 8, 8]},
			"faces": {
				"up": {"uv": [16, 3, 0, 13], "texture": "#leaves_1", "cullface": "up", "tintindex": 0},
				"down": {"uv": [16, 13, 0, 3], "texture": "#leaves_1", "cullface": "up", "tintindex": 0}
			}
		},
		{
			"from": [12, 4, 0],
			"to": [22, 4, 16],
			"rotation": {"angle": 22.5, "axis": "z", "origin": [8, 4, 8]},
			"faces": {
				"up": {"uv": [0, 3, 16, 13], "rotation": 90, "texture": "#leaves_1", "cullface": "up", "tintindex": 0},
				"down": {"uv": [0, 13, 16, 3], "rotation": 270, "texture": "#leaves_1", "cullface": "up", "tintindex": 0}
			}
		},
		{
			"from": [-6, 4, 0],
			"to": [4, 4, 16],
			"rotation": {"angle": -22.5, "axis": "z", "origin": [8, 4, 8]},
			"faces": {
				"up": {"uv": [0, 3, 16, 13], "rotation": 270, "texture": "#leaves_1", "cullface": "up", "tintindex": 0},
				"down": {"uv": [0, 13, 16, 3], "rotation": 90, "texture": "#leaves_1", "cullface": "up", "tintindex": 0}
			}
		},
		{
			"from": [0, 3.39104, 15.06147],
			"to": [16, 3.39104, 25.06147],
			"rotation": {"angle": -22.5, "axis": "x", "origin": [8, -4, 8]},
			"faces": {
				"up": {"uv": [0, 13, 16, 3], "texture": "#leaves_1", "cullface": "up", "tintindex": 0},
				"down": {"uv": [0, 3, 16, 13], "texture": "#leaves_1", "cullface": "up", "tintindex": 0}
			}
		},
		{
			"from": [0, 3.39104, -9.06147],
			"to": [16, 3.39104, 0.93853],
			"rotation": {"angle": 22.5, "axis": "x", "origin": [8, -4, 8]},
			"faces": {
				"up": {"uv": [0, 3, 16, 13], "texture": "#leaves_1", "cullface": "up", "tintindex": 0},
				"down": {"uv": [0, 13, 16, 3], "texture": "#leaves_1", "cullface": "up", "tintindex": 0}
			}
		},
		{
			"from": [13.53073, -0.30448, 0],
			"to": [23.53073, -0.30448, 16],
			"rotation": {"angle": 22.5, "axis": "z", "origin": [8, -4, 8]},
			"faces": {
				"up": {"uv": [16, 3, 0, 13], "rotation": 90, "texture": "#leaves_1", "cullface": "up", "tintindex": 0},
				"down": {"uv": [16, 13, 0, 3], "rotation": 270, "texture": "#leaves_1", "cullface": "up", "tintindex": 0}
			}
		},
		{
			"from": [-7.53073, -0.30448, 0],
			"to": [2.46927, -0.30448, 16],
			"rotation": {"angle": -22.5, "axis": "z", "origin": [8, -4, 8]},
			"faces": {
				"up": {"uv": [16, 3, 0, 13], "rotation": 270, "texture": "#leaves_1", "cullface": "up", "tintindex": 0},
				"down": {"uv": [16, 13, 0, 3], "rotation": 90, "texture": "#leaves_1", "cullface": "up", "tintindex": 0}
			}
		},
		{
			"from": [0, -0.30448, 13.53073],
			"to": [16, -0.30448, 23.53073],
			"rotation": {"angle": -22.5, "axis": "x", "origin": [8, -4, 8]},
			"faces": {
				"up": {"uv": [16, 13, 0, 3], "texture": "#leaves_1", "cullface": "up", "tintindex": 0},
				"down": {"uv": [16, 3, 0, 13], "texture": "#leaves_1", "cullface": "up", "tintindex": 0}
			}
		},
		{
			"from": [0, -0.30448, -7.53073],
			"to": [16, -0.30448, 2.46927],
			"rotation": {"angle": 22.5, "axis": "x", "origin": [8, -4, 8]},
			"faces": {
				"up": {"uv": [16, 3, 0, 13], "texture": "#leaves_1", "cullface": "up", "tintindex": 0},
				"down": {"uv": [16, 13, 0, 3], "texture": "#leaves_1", "cullface": "up", "tintindex": 0}
			}
		},
		{
			"from": [11.06147, 0.60896, 0],
			"to": [25.06147, 0.60896, 16],
			"rotation": {"angle": -22.5, "axis": "z", "origin": [8, 8, 8]},
			"faces": {
				"up": {"uv": [0, 14, 16, 0], "rotation": 270, "texture": "#leaves_1", "cullface": "down", "tintindex": 0},
				"down": {"uv": [0, 0, 16, 14], "rotation": 90, "texture": "#leaves_1", "cullface": "down", "tintindex": 0}
			}
		},
		{
			"from": [-9.06147, 0.60896, 0],
			"to": [4.93853, 0.60896, 16],
			"rotation": {"angle": 22.5, "axis": "z", "origin": [8, 8, 8]},
			"faces": {
				"up": {"uv": [0, 14, 16, 0], "rotation": 90, "texture": "#leaves_1", "cullface": "down", "tintindex": 0},
				"down": {"uv": [0, 0, 16, 14], "rotation": 270, "texture": "#leaves_1", "cullface": "down", "tintindex": 0}
			}
		},
		{
			"from": [0, 0.60896, -9.06147],
			"to": [16, 0.60896, 4.93853],
			"rotation": {"angle": -22.5, "axis": "x", "origin": [8, 8, 8]},
			"faces": {
				"up": {"uv": [0, 0, 16, 14], "texture": "#leaves_1", "cullface": "down", "tintindex": 0},
				"down": {"uv": [0, 14, 16, 0], "texture": "#leaves_1", "cullface": "down", "tintindex": 0}
			}
		},
		{
			"from": [0, 0.60896, 11.06147],
			"to": [16, 0.60896, 25.06147],
			"rotation": {"angle": 22.5, "axis": "x", "origin": [8, 8, 8]},
			"faces": {
				"up": {"uv": [0, 14, 16, 0], "texture": "#leaves_1", "cullface": "down", "tintindex": 0},
				"down": {"uv": [0, 0, 16, 14], "texture": "#leaves_1", "cullface": "down", "tintindex": 0}
			}
		},
		{
			"from": [13.53073, 4.30448, 0],
			"to": [23.53073, 4.30448, 16],
			"rotation": {"angle": -22.5, "axis": "z", "origin": [8, 8, 8]},
			"faces": {
				"up": {"uv": [16, 13, 0, 3], "rotation": 270, "texture": "#leaves_1", "cullface": "down", "tintindex": 0},
				"down": {"uv": [16, 3, 0, 13], "rotation": 90, "texture": "#leaves_1", "cullface": "down", "tintindex": 0}
			}
		},
		{
			"from": [-7.53073, 4.30448, 0],
			"to": [2.46927, 4.30448, 16],
			"rotation": {"angle": 22.5, "axis": "z", "origin": [8, 8, 8]},
			"faces": {
				"up": {"uv": [16, 13, 0, 3], "rotation": 90, "texture": "#leaves_1", "cullface": "down", "tintindex": 0},
				"down": {"uv": [16, 3, 0, 13], "rotation": 270, "texture": "#leaves_1", "cullface": "down", "tintindex": 0}
			}
		},
		{
			"from": [0, 4.30448, -7.53073],
			"to": [16, 4.30448, 2.46927],
			"rotation": {"angle": -22.5, "axis": "x", "origin": [8, 8, 8]},
			"faces": {
				"up": {"uv": [16, 3, 0, 13], "texture": "#leaves_1", "cullface": "down", "tintindex": 0},
				"down": {"uv": [16, 13, 0, 3], "texture": "#leaves_1", "cullface": "down", "tintindex": 0}
			}
		},
		{
			"from": [0, 4.30448, 13.53073],
			"to": [16, 4.30448, 23.53073],
			"rotation": {"angle": 22.5, "axis": "x", "origin": [8, 8, 8]},
			"faces": {
				"up": {"uv": [16, 13, 0, 3], "texture": "#leaves_1", "cullface": "down", "tintindex": 0},
				"down": {"uv": [16, 3, 0, 13], "texture": "#leaves_1", "cullface": "down", "tintindex": 0}
			}
		},
		{
			"from": [15.06147, 12.60896, 0],
			"to": [25.06147, 12.60896, 16],
			"rotation": {"angle": -22.5, "axis": "z", "origin": [8, 20, 8]},
			"faces": {
				"up": {"uv": [0, 13, 16, 3], "rotation": 270, "texture": "#leaves_1", "cullface": "down", "tintindex": 0},
				"down": {"uv": [0, 3, 16, 13], "rotation": 90, "texture": "#leaves_1", "cullface": "down", "tintindex": 0}
			}
		},
		{
			"from": [-9.06147, 12.60896, 0],
			"to": [0.93853, 12.60896, 16],
			"rotation": {"angle": 22.5, "axis": "z", "origin": [8, 20, 8]},
			"faces": {
				"up": {"uv": [0, 13, 16, 3], "rotation": 90, "texture": "#leaves_1", "cullface": "down", "tintindex": 0},
				"down": {"uv": [0, 3, 16, 13], "rotation": 270, "texture": "#leaves_1", "cullface": "down", "tintindex": 0}
			}
		},
		{
			"from": [0, 12.60896, -9.06147],
			"to": [16, 12.60896, 0.93853],
			"rotation": {"angle": -22.5, "axis": "x", "origin": [8, 20, 8]},
			"faces": {
				"up": {"uv": [0, 3, 16, 13], "texture": "#leaves_1", "cullface": "down", "tintindex": 0},
				"down": {"uv": [0, 13, 16, 3], "texture": "#leaves_1", "cullface": "down", "tintindex": 0}
			}
		},
		{
			"from": [0, 12.60896, 15.06147],
			"to": [16, 12.60896, 25.06147],
			"rotation": {"angle": 22.5, "axis": "x", "origin": [8, 20, 8]},
			"faces": {
				"up": {"uv": [0, 13, 16, 3], "texture": "#leaves_1", "cullface": "down", "tintindex": 0},
				"down": {"uv": [0, 3, 16, 13], "texture": "#leaves_1", "cullface": "down", "tintindex": 0}
			}
		},
		{
			"from": [13.53073, 16.30448, 0],
			"to": [23.53073, 16.30448, 16],
			"rotation": {"angle": -22.5, "axis": "z", "origin": [8, 20, 8]},
			"faces": {
				"up": {"uv": [16, 13, 0, 3], "rotation": 270, "texture": "#leaves_1", "cullface": "down", "tintindex": 0},
				"down": {"uv": [16, 3, 0, 13], "rotation": 90, "texture": "#leaves_1", "cullface": "down", "tintindex": 0}
			}
		},
		{
			"from": [-7.53073, 16.30448, 0],
			"to": [2.46927, 16.30448, 16],
			"rotation": {"angle": 22.5, "axis": "z", "origin": [8, 20, 8]},
			"faces": {
				"up": {"uv": [16, 13, 0, 3], "rotation": 90, "texture": "#leaves_1", "cullface": "down", "tintindex": 0},
				"down": {"uv": [16, 3, 0, 13], "rotation": 270, "texture": "#leaves_1", "cullface": "down", "tintindex": 0}
			}
		},
		{
			"from": [0, 16.30448, -7.53073],
			"to": [16, 16.30448, 2.46927],
			"rotation": {"angle": -22.5, "axis": "x", "origin": [8, 20, 8]},
			"faces": {
				"up": {"uv": [16, 3, 0, 13], "texture": "#leaves_1", "cullface": "down", "tintindex": 0},
				"down": {"uv": [16, 13, 0, 3], "texture": "#leaves_1", "cullface": "down", "tintindex": 0}
			}
		},
		{
			"from": [0, 16.30448, 13.53073],
			"to": [16, 16.30448, 23.53073],
			"rotation": {"angle": 22.5, "axis": "x", "origin": [8, 20, 8]},
			"faces": {
				"up": {"uv": [16, 13, 0, 3], "texture": "#leaves_1", "cullface": "down", "tintindex": 0},
				"down": {"uv": [16, 3, 0, 13], "texture": "#leaves_1", "cullface": "down", "tintindex": 0}
			}
		},
		{
			"from": [11.06147, 0, 0.60896],
			"to": [25.06147, 16, 0.60896],
			"rotation": {"angle": 22.5, "axis": "y", "origin": [8, 8, 8]},
			"faces": {
				"north": {"uv": [0, 0, 16, 14], "rotation": 270, "texture": "#leaves_1", "cullface": "north", "tintindex": 0},
				"south": {"uv": [0, 14, 16, 0], "rotation": 270, "texture": "#leaves_1", "cullface": "north", "tintindex": 0}
			}
		},
		{
			"from": [-9.06147, 0, 0.60896],
			"to": [4.93853, 16, 0.60896],
			"rotation": {"angle": -22.5, "axis": "y", "origin": [8, 8, 8]},
			"faces": {
				"north": {"uv": [0, 0, 16, 14], "rotation": 90, "texture": "#leaves_1", "cullface": "north", "tintindex": 0},
				"south": {"uv": [0, 14, 16, 0], "rotation": 90, "texture": "#leaves_1", "cullface": "north", "tintindex": 0}
			}
		},
		{
			"from": [0, 11.06147, 0.60896],
			"to": [16, 25.06147, 0.60896],
			"rotation": {"angle": -22.5, "axis": "x", "origin": [8, 8, 8]},
			"faces": {
				"north": {"uv": [0, 14, 16, 0], "rotation": 180, "texture": "#leaves_1", "cullface": "north", "tintindex": 0},
				"south": {"uv": [0, 0, 16, 14], "texture": "#leaves_1", "cullface": "north", "tintindex": 0}
			}
		},
		{
			"from": [0, -9.06147, 0.60896],
			"to": [16, 4.93853, 0.60896],
			"rotation": {"angle": 22.5, "axis": "x", "origin": [8, 8, 8]},
			"faces": {
				"north": {"uv": [0, 0, 16, 14], "rotation": 180, "texture": "#leaves_1", "cullface": "north", "tintindex": 0},
				"south": {"uv": [0, 14, 16, 0], "texture": "#leaves_1", "cullface": "north", "tintindex": 0}
			}
		},
		{
			"from": [13.53073, 0, 4.30448],
			"to": [23.53073, 16, 4.30448],
			"rotation": {"angle": 22.5, "axis": "y", "origin": [8, 8, 8]},
			"faces": {
				"north": {"uv": [16, 3, 0, 13], "rotation": 270, "texture": "#leaves_1", "cullface": "north", "tintindex": 0},
				"south": {"uv": [16, 13, 0, 3], "rotation": 270, "texture": "#leaves_1", "cullface": "north", "tintindex": 0}
			}
		},
		{
			"from": [-7.53073, 0, 4.30448],
			"to": [2.46927, 16, 4.30448],
			"rotation": {"angle": -22.5, "axis": "y", "origin": [8, 8, 8]},
			"faces": {
				"north": {"uv": [16, 3, 0, 13], "rotation": 90, "texture": "#leaves_1", "cullface": "north", "tintindex": 0},
				"south": {"uv": [16, 13, 0, 3], "rotation": 90, "texture": "#leaves_1", "cullface": "north", "tintindex": 0}
			}
		},
		{
			"from": [0, 13.53073, 4.30448],
			"to": [16, 23.53073, 4.30448],
			"rotation": {"angle": -22.5, "axis": "x", "origin": [8, 8, 8]},
			"faces": {
				"north": {"uv": [16, 13, 0, 3], "rotation": 180, "texture": "#leaves_1", "cullface": "north", "tintindex": 0},
				"south": {"uv": [16, 3, 0, 13], "texture": "#leaves_1", "cullface": "north", "tintindex": 0}
			}
		},
		{
			"from": [0, -7.53073, 4.30448],
			"to": [16, 2.46927, 4.30448],
			"rotation": {"angle": 22.5, "axis": "x", "origin": [8, 8, 8]},
			"faces": {
				"north": {"uv": [16, 3, 0, 13], "rotation": 180, "texture": "#leaves_1", "cullface": "north", "tintindex": 0},
				"south": {"uv": [16, 13, 0, 3], "texture": "#leaves_1", "cullface": "north", "tintindex": 0}
			}
		},
		{
			"from": [15.06147, 0, 12.60896],
			"to": [25.06147, 16, 12.60896],
			"rotation": {"angle": 22.5, "axis": "y", "origin": [8, 8, 20]},
			"faces": {
				"north": {"uv": [0, 3, 16, 13], "rotation": 270, "texture": "#leaves_1", "cullface": "north", "tintindex": 0},
				"south": {"uv": [0, 13, 16, 3], "rotation": 270, "texture": "#leaves_1", "cullface": "north", "tintindex": 0}
			}
		},
		{
			"from": [-9.06147, 0, 12.60896],
			"to": [0.93853, 16, 12.60896],
			"rotation": {"angle": -22.5, "axis": "y", "origin": [8, 8, 20]},
			"faces": {
				"north": {"uv": [0, 3, 16, 13], "rotation": 90, "texture": "#leaves_1", "cullface": "north", "tintindex": 0},
				"south": {"uv": [0, 13, 16, 3], "rotation": 90, "texture": "#leaves_1", "cullface": "north", "tintindex": 0}
			}
		},
		{
			"from": [0, 15.06147, 12.60896],
			"to": [16, 25.06147, 12.60896],
			"rotation": {"angle": -22.5, "axis": "x", "origin": [8, 8, 20]},
			"faces": {
				"north": {"uv": [0, 13, 16, 3], "rotation": 180, "texture": "#leaves_1", "cullface": "north", "tintindex": 0},
				"south": {"uv": [0, 3, 16, 13], "texture": "#leaves_1", "cullface": "north", "tintindex": 0}
			}
		},
		{
			"from": [0, -9.06147, 12.60896],
			"to": [16, 0.93853, 12.60896],
			"rotation": {"angle": 22.5, "axis": "x", "origin": [8, 8, 20]},
			"faces": {
				"north": {"uv": [0, 3, 16, 13], "rotation": 180, "texture": "#leaves_1", "cullface": "north", "tintindex": 0},
				"south": {"uv": [0, 13, 16, 3], "texture": "#leaves_1", "cullface": "north", "tintindex": 0}
			}
		},
		{
			"from": [13.53073, 0, 16.30448],
			"to": [23.53073, 16, 16.30448],
			"rotation": {"angle": 22.5, "axis": "y", "origin": [8, 8, 20]},
			"faces": {
				"north": {"uv": [16, 3, 0, 13], "rotation": 270, "texture": "#leaves_1", "cullface": "north", "tintindex": 0},
				"south": {"uv": [16, 13, 0, 3], "rotation": 270, "texture": "#leaves_1", "cullface": "north", "tintindex": 0}
			}
		},
		{
			"from": [-7.53073, 0, 16.30448],
			"to": [2.46927, 16, 16.30448],
			"rotation": {"angle": -22.5, "axis": "y", "origin": [8, 8, 20]},
			"faces": {
				"north": {"uv": [16, 3, 0, 13], "rotation": 90, "texture": "#leaves_1", "cullface": "north", "tintindex": 0},
				"south": {"uv": [16, 13, 0, 3], "rotation": 90, "texture": "#leaves_1", "cullface": "north", "tintindex": 0}
			}
		},
		{
			"from": [0, 13.53073, 16.30448],
			"to": [16, 23.53073, 16.30448],
			"rotation": {"angle": -22.5, "axis": "x", "origin": [8, 8, 20]},
			"faces": {
				"north": {"uv": [16, 13, 0, 3], "rotation": 180, "texture": "#leaves_1", "cullface": "north", "tintindex": 0},
				"south": {"uv": [16, 3, 0, 13], "texture": "#leaves_1", "cullface": "north", "tintindex": 0}
			}
		},
		{
			"from": [0, -7.53073, 16.30448],
			"to": [16, 2.46927, 16.30448],
			"rotation": {"angle": 22.5, "axis": "x", "origin": [8, 8, 20]},
			"faces": {
				"north": {"uv": [16, 3, 0, 13], "rotation": 180, "texture": "#leaves_1", "cullface": "north", "tintindex": 0},
				"south": {"uv": [16, 13, 0, 3], "texture": "#leaves_1", "cullface": "north", "tintindex": 0}
			}
		},
		{
			"from": [11.06147, 0, 15.39104],
			"to": [25.06147, 16, 15.39104],
			"rotation": {"angle": -22.5, "axis": "y", "origin": [8, 8, 8]},
			"faces": {
				"north": {"uv": [0, 14, 16, 0], "rotation": 90, "texture": "#leaves_1", "cullface": "south", "tintindex": 0},
				"south": {"uv": [0, 0, 16, 14], "rotation": 90, "texture": "#leaves_1", "cullface": "south", "tintindex": 0}
			}
		},
		{
			"from": [-9.06147, 0, 15.39104],
			"to": [4.93853, 16, 15.39104],
			"rotation": {"angle": 22.5, "axis": "y", "origin": [8, 8, 8]},
			"faces": {
				"north": {"uv": [0, 14, 16, 0], "rotation": 270, "texture": "#leaves_1", "cullface": "south", "tintindex": 0},
				"south": {"uv": [0, 0, 16, 14], "rotation": 270, "texture": "#leaves_1", "cullface": "south", "tintindex": 0}
			}
		},
		{
			"from": [0, -9.06147, 15.39104],
			"to": [16, 4.93853, 15.39104],
			"rotation": {"angle": -22.5, "axis": "x", "origin": [8, 8, 8]},
			"faces": {
				"north": {"uv": [0, 0, 16, 14], "rotation": 180, "texture": "#leaves_1", "cullface": "south", "tintindex": 0},
				"south": {"uv": [0, 14, 16, 0], "texture": "#leaves_1", "cullface": "south", "tintindex": 0}
			}
		},
		{
			"from": [0, 11.06147, 15.39104],
			"to": [16, 25.06147, 15.39104],
			"rotation": {"angle": 22.5, "axis": "x", "origin": [8, 8, 8]},
			"faces": {
				"north": {"uv": [0, 14, 16, 0], "rotation": 180, "texture": "#leaves_1", "cullface": "south", "tintindex": 0},
				"south": {"uv": [0, 0, 16, 14], "texture": "#leaves_1", "cullface": "south", "tintindex": 0}
			}
		},
		{
			"from": [13.53073, 0, 11.69552],
			"to": [23.53073, 16, 11.69552],
			"rotation": {"angle": -22.5, "axis": "y", "origin": [8, 8, 8]},
			"faces": {
				"north": {"uv": [16, 13, 0, 3], "rotation": 90, "texture": "#leaves_1", "cullface": "south", "tintindex": 0},
				"south": {"uv": [16, 3, 0, 13], "rotation": 90, "texture": "#leaves_1", "cullface": "south", "tintindex": 0}
			}
		},
		{
			"from": [-7.53073, 0, 11.69552],
			"to": [2.46927, 16, 11.69552],
			"rotation": {"angle": 22.5, "axis": "y", "origin": [8, 8, 8]},
			"faces": {
				"north": {"uv": [16, 13, 0, 3], "rotation": 270, "texture": "#leaves_1", "cullface": "south", "tintindex": 0},
				"south": {"uv": [16, 3, 0, 13], "rotation": 270, "texture": "#leaves_1", "cullface": "south", "tintindex": 0}
			}
		},
		{
			"from": [0, -7.53073, 11.69552],
			"to": [16, 2.46927, 11.69552],
			"rotation": {"angle": -22.5, "axis": "x", "origin": [8, 8, 8]},
			"faces": {
				"north": {"uv": [16, 3, 0, 13], "rotation": 180, "texture": "#leaves_1", "cullface": "south", "tintindex": 0},
				"south": {"uv": [16, 13, 0, 3], "texture": "#leaves_1", "cullface": "south", "tintindex": 0}
			}
		},
		{
			"from": [0, 13.53073, 11.69552],
			"to": [16, 23.53073, 11.69552],
			"rotation": {"angle": 22.5, "axis": "x", "origin": [8, 8, 8]},
			"faces": {
				"north": {"uv": [16, 13, 0, 3], "rotation": 180, "texture": "#leaves_1", "cullface": "south", "tintindex": 0},
				"south": {"uv": [16, 3, 0, 13], "texture": "#leaves_1", "cullface": "south", "tintindex": 0}
			}
		},
		{
			"from": [15.06147, 0, 3.39104],
			"to": [25.06147, 16, 3.39104],
			"rotation": {"angle": -22.5, "axis": "y", "origin": [8, 8, -4]},
			"faces": {
				"north": {"uv": [0, 13, 16, 3], "rotation": 90, "texture": "#leaves_1", "cullface": "south", "tintindex": 0},
				"south": {"uv": [0, 3, 16, 13], "rotation": 90, "texture": "#leaves_1", "cullface": "south", "tintindex": 0}
			}
		},
		{
			"from": [-9.06147, 0, 3.39104],
			"to": [0.93853, 16, 3.39104],
			"rotation": {"angle": 22.5, "axis": "y", "origin": [8, 8, -4]},
			"faces": {
				"north": {"uv": [0, 13, 16, 3], "rotation": 270, "texture": "#leaves_1", "cullface": "south", "tintindex": 0},
				"south": {"uv": [0, 3, 16, 13], "rotation": 270, "texture": "#leaves_1", "cullface": "south", "tintindex": 0}
			}
		},
		{
			"from": [0, -9.06147, 3.39104],
			"to": [16, 0.93853, 3.39104],
			"rotation": {"angle": -22.5, "axis": "x", "origin": [8, 8, -4]},
			"faces": {
				"north": {"uv": [0, 3, 16, 13], "rotation": 180, "texture": "#leaves_1", "cullface": "south", "tintindex": 0},
				"south": {"uv": [0, 13, 16, 3], "texture": "#leaves_1", "cullface": "south", "tintindex": 0}
			}
		},
		{
			"from": [0, 15.06147, 3.39104],
			"to": [16, 25.06147, 3.39104],
			"rotation": {"angle": 22.5, "axis": "x", "origin": [8, 8, -4]},
			"faces": {
				"north": {"uv": [0, 13, 16, 3], "rotation": 180, "texture": "#leaves_1", "cullface": "south", "tintindex": 0},
				"south": {"uv": [0, 3, 16, 13], "texture": "#leaves_1", "cullface": "south", "tintindex": 0}
			}
		},
		{
			"from": [13.53073, 0, -0.30448],
			"to": [23.53073, 16, -0.30448],
			"rotation": {"angle": -22.5, "axis": "y", "origin": [8, 8, -4]},
			"faces": {
				"north": {"uv": [16, 13, 0, 3], "rotation": 90, "texture": "#leaves_1", "cullface": "south", "tintindex": 0},
				"south": {"uv": [16, 3, 0, 13], "rotation": 90, "texture": "#leaves_1", "cullface": "south", "tintindex": 0}
			}
		},
		{
			"from": [-7.53073, 0, -0.30448],
			"to": [2.46927, 16, -0.30448],
			"rotation": {"angle": 22.5, "axis": "y", "origin": [8, 8, -4]},
			"faces": {
				"north": {"uv": [16, 13, 0, 3], "rotation": 270, "texture": "#leaves_1", "cullface": "south", "tintindex": 0},
				"south": {"uv": [16, 3, 0, 13], "rotation": 270, "texture": "#leaves_1", "cullface": "south", "tintindex": 0}
			}
		},
		{
			"from": [0, -7.53073, -0.30448],
			"to": [16, 2.46927, -0.30448],
			"rotation": {"angle": -22.5, "axis": "x", "origin": [8, 8, -4]},
			"faces": {
				"north": {"uv": [16, 3, 0, 13], "rotation": 180, "texture": "#leaves_1", "cullface": "south", "tintindex": 0},
				"south": {"uv": [16, 13, 0, 3], "texture": "#leaves_1", "cullface": "south", "tintindex": 0}
			}
		},
		{
			"from": [0, 13.53073, -0.30448],
			"to": [16, 23.53073, -0.30448],
			"rotation": {"angle": 22.5, "axis": "x", "origin": [8, 8, -4]},
			"faces": {
				"north": {"uv": [16, 13, 0, 3], "rotation": 180, "texture": "#leaves_1", "cullface": "south", "tintindex": 0},
				"south": {"uv": [16, 3, 0, 13], "texture": "#leaves_1", "cullface": "south", "tintindex": 0}
			}
		},
		{
			"from": [0.60896, 11.06147, 0],
			"to": [0.60896, 25.06147, 16],
			"rotation": {"angle": 22.5, "axis": "z", "origin": [8, 8, 8]},
			"faces": {
				"east": {"uv": [0, 14, 16, 0], "rotation": 180, "texture": "#leaves_1", "cullface": "west", "tintindex": 0},
				"west": {"uv": [0, 0, 16, 14], "texture": "#leaves_1", "cullface": "west", "tintindex": 0}
			}
		},
		{
			"from": [0.60896, -9.06147, 0],
			"to": [0.60896, 4.93853, 16],
			"rotation": {"angle": -22.5, "axis": "z", "origin": [8, 8, 8]},
			"faces": {
				"east": {"uv": [0, 14, 16, 0], "texture": "#leaves_1", "cullface": "west", "tintindex": 0},
				"west": {"uv": [0, 0, 16, 14], "rotation": 180, "texture": "#leaves_1", "cullface": "west", "tintindex": 0}
			}
		},
		{
			"from": [0.60896, 0, 11.06147],
			"to": [0.60896, 16, 25.06147],
			"rotation": {"angle": -22.5, "axis": "y", "origin": [8, 8, 8]},
			"faces": {
				"east": {"uv": [0, 0, 16, 14], "rotation": 270, "texture": "#leaves_1", "cullface": "west", "tintindex": 0},
				"west": {"uv": [0, 14, 16, 0], "rotation": 270, "texture": "#leaves_1", "cullface": "west", "tintindex": 0}
			}
		},
		{
			"from": [0.60896, 0, -9.06147],
			"to": [0.60896, 16, 4.93853],
			"rotation": {"angle": 22.5, "axis": "y", "origin": [8, 8, 8]},
			"faces": {
				"east": {"uv": [0, 14, 16, 0], "rotation": 270, "texture": "#leaves_1", "cullface": "west", "tintindex": 0},
				"west": {"uv": [0, 0, 16, 14], "rotation": 270, "texture": "#leaves_1", "cullface": "west", "tintindex": 0}
			}
		},
		{
			"from": [4.30448, 13.53073, 0],
			"to": [4.30448, 23.53073, 16],
			"rotation": {"angle": 22.5, "axis": "z", "origin": [8, 8, 8]},
			"faces": {
				"east": {"uv": [16, 13, 0, 3], "rotation": 180, "texture": "#leaves_1", "cullface": "west", "tintindex": 0},
				"west": {"uv": [16, 3, 0, 13], "texture": "#leaves_1", "cullface": "west", "tintindex": 0}
			}
		},
		{
			"from": [4.30448, -7.53073, 0],
			"to": [4.30448, 2.46927, 16],
			"rotation": {"angle": -22.5, "axis": "z", "origin": [8, 8, 8]},
			"faces": {
				"east": {"uv": [16, 13, 0, 3], "texture": "#leaves_1", "cullface": "west", "tintindex": 0},
				"west": {"uv": [16, 3, 0, 13], "rotation": 180, "texture": "#leaves_1", "cullface": "west", "tintindex": 0}
			}
		},
		{
			"from": [4.30448, 0, 13.53073],
			"to": [4.30448, 16, 23.53073],
			"rotation": {"angle": -22.5, "axis": "y", "origin": [8, 8, 8]},
			"faces": {
				"east": {"uv": [16, 3, 0, 13], "rotation": 270, "texture": "#leaves_1", "cullface": "west", "tintindex": 0},
				"west": {"uv": [16, 13, 0, 3], "rotation": 270, "texture": "#leaves_1", "cullface": "west", "tintindex": 0}
			}
		},
		{
			"from": [4.30448, 0, -7.53073],
			"to": [4.30448, 16, 2.46927],
			"rotation": {"angle": 22.5, "axis": "y", "origin": [8, 8, 8]},
			"faces": {
				"east": {"uv": [16, 13, 0, 3], "rotation": 270, "texture": "#leaves_1", "cullface": "west", "tintindex": 0},
				"west": {"uv": [16, 3, 0, 13], "rotation": 270, "texture": "#leaves_1", "cullface": "west", "tintindex": 0}
			}
		},
		{
			"from": [12.60896, 15.06147, 0],
			"to": [12.60896, 25.06147, 16],
			"rotation": {"angle": 22.5, "axis": "z", "origin": [20, 8, 8]},
			"faces": {
				"east": {"uv": [0, 13, 16, 3], "rotation": 180, "texture": "#leaves_1", "cullface": "west", "tintindex": 0},
				"west": {"uv": [0, 3, 16, 13], "texture": "#leaves_1", "cullface": "west", "tintindex": 0}
			}
		},
		{
			"from": [12.60896, -9.06147, 0],
			"to": [12.60896, 0.93853, 16],
			"rotation": {"angle": -22.5, "axis": "z", "origin": [20, 8, 8]},
			"faces": {
				"east": {"uv": [0, 13, 16, 3], "texture": "#leaves_1", "cullface": "west", "tintindex": 0},
				"west": {"uv": [0, 3, 16, 13], "rotation": 180, "texture": "#leaves_1", "cullface": "west", "tintindex": 0}
			}
		},
		{
			"from": [12.60896, 0, 15.06147],
			"to": [12.60896, 16, 25.06147],
			"rotation": {"angle": -22.5, "axis": "y", "origin": [20, 8, 8]},
			"faces": {
				"east": {"uv": [0, 3, 16, 13], "rotation": 270, "texture": "#leaves_1", "cullface": "west", "tintindex": 0},
				"west": {"uv": [0, 13, 16, 3], "rotation": 270, "texture": "#leaves_1", "cullface": "west", "tintindex": 0}
			}
		},
		{
			"from": [12.60896, 0, -9.06147],
			"to": [12.60896, 16, 0.93853],
			"rotation": {"angle": 22.5, "axis": "y", "origin": [20, 8, 8]},
			"faces": {
				"east": {"uv": [0, 13, 16, 3], "rotation": 270, "texture": "#leaves_1", "cullface": "west", "tintindex": 0},
				"west": {"uv": [0, 3, 16, 13], "rotation": 270, "texture": "#leaves_1", "cullface": "west", "tintindex": 0}
			}
		},
		{
			"from": [16.30448, 13.53073, 0],
			"to": [16.30448, 23.53073, 16],
			"rotation": {"angle": 22.5, "axis": "z", "origin": [20, 8, 8]},
			"faces": {
				"east": {"uv": [16, 13, 0, 3], "rotation": 180, "texture": "#leaves_1", "cullface": "west", "tintindex": 0},
				"west": {"uv": [16, 3, 0, 13], "texture": "#leaves_1", "cullface": "west", "tintindex": 0}
			}
		},
		{
			"from": [16.30448, -7.53073, 0],
			"to": [16.30448, 2.46927, 16],
			"rotation": {"angle": -22.5, "axis": "z", "origin": [20, 8, 8]},
			"faces": {
				"east": {"uv": [16, 13, 0, 3], "texture": "#leaves_1", "cullface": "west", "tintindex": 0},
				"west": {"uv": [16, 3, 0, 13], "rotation": 180, "texture": "#leaves_1", "cullface": "west", "tintindex": 0}
			}
		},
		{
			"from": [16.30448, 0, 13.53073],
			"to": [16.30448, 16, 23.53073],
			"rotation": {"angle": -22.5, "axis": "y", "origin": [20, 8, 8]},
			"faces": {
				"east": {"uv": [16, 3, 0, 13], "rotation": 270, "texture": "#leaves_1", "cullface": "west", "tintindex": 0},
				"west": {"uv": [16, 13, 0, 3], "rotation": 270, "texture": "#leaves_1", "cullface": "west", "tintindex": 0}
			}
		},
		{
			"from": [16.30448, 0, -7.53073],
			"to": [16.30448, 16, 2.46927],
			"rotation": {"angle": 22.5, "axis": "y", "origin": [20, 8, 8]},
			"faces": {
				"east": {"uv": [16, 13, 0, 3], "rotation": 270, "texture": "#leaves_1", "cullface": "west", "tintindex": 0},
				"west": {"uv": [16, 3, 0, 13], "rotation": 270, "texture": "#leaves_1", "cullface": "west", "tintindex": 0}
			}
		},
		{
			"from": [15.39104, -9.06147, 0],
			"to": [15.39104, 4.93853, 16],
			"rotation": {"angle": 22.5, "axis": "z", "origin": [8, 8, 8]},
			"faces": {
				"east": {"uv": [0, 0, 16, 14], "rotation": 180, "texture": "#leaves_1", "cullface": "east", "tintindex": 0},
				"west": {"uv": [0, 14, 16, 0], "texture": "#leaves_1", "cullface": "east", "tintindex": 0}
			}
		},
		{
			"from": [15.39104, 11.06147, 0],
			"to": [15.39104, 25.06147, 16],
			"rotation": {"angle": -22.5, "axis": "z", "origin": [8, 8, 8]},
			"faces": {
				"east": {"uv": [0, 0, 16, 14], "texture": "#leaves_1", "cullface": "east", "tintindex": 0},
				"west": {"uv": [0, 14, 16, 0], "rotation": 180, "texture": "#leaves_1", "cullface": "east", "tintindex": 0}
			}
		},
		{
			"from": [15.39104, 0, 11.06147],
			"to": [15.39104, 16, 25.06147],
			"rotation": {"angle": 22.5, "axis": "y", "origin": [8, 8, 8]},
			"faces": {
				"east": {"uv": [0, 14, 16, 0], "rotation": 90, "texture": "#leaves_1", "cullface": "east", "tintindex": 0},
				"west": {"uv": [0, 0, 16, 14], "rotation": 90, "texture": "#leaves_1", "cullface": "east", "tintindex": 0}
			}
		},
		{
			"from": [15.39104, 0, -9.06147],
			"to": [15.39104, 16, 4.93853],
			"rotation": {"angle": -22.5, "axis": "y", "origin": [8, 8, 8]},
			"faces": {
				"east": {"uv": [0, 0, 16, 14], "rotation": 90, "texture": "#leaves_1", "cullface": "east", "tintindex": 0},
				"west": {"uv": [0, 14, 16, 0], "rotation": 90, "texture": "#leaves_1", "cullface": "east", "tintindex": 0}
			}
		},
		{
			"from": [11.69552, -7.53073, 0],
			"to": [11.69552, 2.46927, 16],
			"rotation": {"angle": 22.5, "axis": "z", "origin": [8, 8, 8]},
			"faces": {
				"east": {"uv": [16, 3, 0, 13], "rotation": 180, "texture": "#leaves_1", "cullface": "east", "tintindex": 0},
				"west": {"uv": [16, 13, 0, 3], "texture": "#leaves_1", "cullface": "east", "tintindex": 0}
			}
		},
		{
			"from": [11.69552, 13.53073, 0],
			"to": [11.69552, 23.53073, 16],
			"rotation": {"angle": -22.5, "axis": "z", "origin": [8, 8, 8]},
			"faces": {
				"east": {"uv": [16, 3, 0, 13], "texture": "#leaves_1", "cullface": "east", "tintindex": 0},
				"west": {"uv": [0, 13, 16, 3], "rotation": 180, "texture": "#leaves_1", "cullface": "east", "tintindex": 0}
			}
		},
		{
			"from": [11.69552, 0, 13.53073],
			"to": [11.69552, 16, 23.53073],
			"rotation": {"angle": 22.5, "axis": "y", "origin": [8, 8, 8]},
			"faces": {
				"east": {"uv": [16, 13, 0, 3], "rotation": 90, "texture": "#leaves_1", "cullface": "east", "tintindex": 0},
				"west": {"uv": [16, 3, 0, 13], "rotation": 90, "texture": "#leaves_1", "cullface": "east", "tintindex": 0}
			}
		},
		{
			"from": [11.69552, 0, -7.53073],
			"to": [11.69552, 16, 2.46927],
			"rotation": {"angle": -22.5, "axis": "y", "origin": [8, 8, 8]},
			"faces": {
				"east": {"uv": [16, 3, 0, 13], "rotation": 90, "texture": "#leaves_1", "cullface": "east", "tintindex": 0},
				"west": {"uv": [16, 13, 0, 3], "rotation": 90, "texture": "#leaves_1", "cullface": "east", "tintindex": 0}
			}
		},
		{
			"from": [3.39104, -9.06147, 0],
			"to": [3.39104, 0.93853, 16],
			"rotation": {"angle": 22.5, "axis": "z", "origin": [-4, 8, 8]},
			"faces": {
				"east": {"uv": [0, 3, 16, 13], "rotation": 180, "texture": "#leaves_1", "cullface": "east", "tintindex": 0},
				"west": {"uv": [0, 13, 16, 3], "texture": "#leaves_1", "cullface": "east", "tintindex": 0}
			}
		},
		{
			"from": [3.39104, 15.06147, 0],
			"to": [3.39104, 25.06147, 16],
			"rotation": {"angle": -22.5, "axis": "z", "origin": [-4, 8, 8]},
			"faces": {
				"east": {"uv": [0, 3, 16, 13], "texture": "#leaves_1", "cullface": "east", "tintindex": 0},
				"west": {"uv": [0, 13, 16, 3], "rotation": 180, "texture": "#leaves_1", "cullface": "east", "tintindex": 0}
			}
		},
		{
			"from": [3.39104, 0, 15.06147],
			"to": [3.39104, 16, 25.06147],
			"rotation": {"angle": 22.5, "axis": "y", "origin": [-4, 8, 8]},
			"faces": {
				"east": {"uv": [0, 13, 16, 3], "rotation": 90, "texture": "#leaves_1", "cullface": "east", "tintindex": 0},
				"west": {"uv": [0, 3, 16, 13], "rotation": 90, "texture": "#leaves_1", "cullface": "east", "tintindex": 0}
			}
		},
		{
			"from": [3.39104, 0, -9.06147],
			"to": [3.39104, 16, 0.93853],
			"rotation": {"angle": -22.5, "axis": "y", "origin": [-4, 8, 8]},
			"faces": {
				"east": {"uv": [0, 3, 16, 13], "rotation": 90, "texture": "#leaves_1", "cullface": "east", "tintindex": 0},
				"west": {"uv": [0, 13, 16, 3], "rotation": 90, "texture": "#leaves_1", "cullface": "east", "tintindex": 0}
			}
		},
		{
			"from": [-0.30448, -7.53073, 0],
			"to": [-0.30448, 2.46927, 16],
			"rotation": {"angle": 22.5, "axis": "z", "origin": [-4, 8, 8]},
			"faces": {
				"east": {"uv": [16, 3, 0, 13], "rotation": 180, "texture": "#leaves_1", "cullface": "east", "tintindex": 0},
				"west": {"uv": [16, 13, 0, 3], "texture": "#leaves_1", "cullface": "east", "tintindex": 0}
			}
		},
		{
			"from": [-0.30448, 13.53073, 0],
			"to": [-0.30448, 23.53073, 16],
			"rotation": {"angle": -22.5, "axis": "z", "origin": [-4, 8, 8]},
			"faces": {
				"east": {"uv": [16, 3, 0, 13], "texture": "#leaves_1", "cullface": "east", "tintindex": 0},
				"west": {"uv": [16, 13, 0, 3], "rotation": 180, "texture": "#leaves_1", "cullface": "east", "tintindex": 0}
			}
		},
		{
			"from": [-0.30448, 0, 13.53073],
			"to": [-0.30448, 16, 23.53073],
			"rotation": {"angle": 22.5, "axis": "y", "origin": [-4, 8, 8]},
			"faces": {
				"east": {"uv": [16, 13, 0, 3], "rotation": 90, "texture": "#leaves_1", "cullface": "east", "tintindex": 0},
				"west": {"uv": [16, 3, 0, 13], "rotation": 90, "texture": "#leaves_1", "cullface": "east", "tintindex": 0}
			}
		},
		{
			"from": [-0.30448, 0, -7.53073],
			"to": [-0.30448, 16, 2.46927],
			"rotation": {"angle": -22.5, "axis": "y", "origin": [-4, 8, 8]},
			"faces": {
				"east": {"uv": [16, 3, 0, 13], "rotation": 90, "texture": "#leaves_1", "cullface": "east", "tintindex": 0},
				"west": {"uv": [16, 13, 0, 3], "rotation": 90, "texture": "#leaves_1", "cullface": "east", "tintindex": 0}
			}
		},
		{
			"from": [11, 18, 3],
			"to": [12, 18.5, 4],
			"rotation": {"angle": -22.5, "axis": "z", "origin": [12, 18, 3.5]},
			"faces": {
				"north": {"uv": [11, 3, 12, 4], "texture": "#flowers", "cullface": "up"},
				"south": {"uv": [11, 3, 12, 4], "texture": "#flowers", "cullface": "up"},
				"west": {"uv": [11, 3, 12, 4], "texture": "#flowers", "cullface": "up"},
				"up": {"uv": [11, 3, 12, 4], "texture": "#flowers", "cullface": "up"},
				"down": {"uv": [11, 3, 12, 4], "texture": "#flowers", "cullface": "up"}
			}
		},
		{
			"from": [13, 18, 3],
			"to": [14, 18.5, 4],
			"rotation": {"angle": 22.5, "axis": "z", "origin": [13, 18, 3.5]},
			"faces": {
				"north": {"uv": [13, 3, 14, 4], "texture": "#flowers", "cullface": "up"},
				"east": {"uv": [13, 3, 14, 4], "texture": "#flowers", "cullface": "up"},
				"south": {"uv": [13, 3, 14, 4], "texture": "#flowers", "cullface": "up"},
				"up": {"uv": [13, 3, 14, 4], "texture": "#flowers", "cullface": "up"},
				"down": {"uv": [13, 3, 14, 4], "texture": "#flowers", "cullface": "up"}
			}
		},
		{
			"from": [12, 18, 2],
			"to": [13, 18.5, 3],
			"rotation": {"angle": 22.5, "axis": "x", "origin": [12.5, 18, 3]},
			"faces": {
				"north": {"uv": [12, 2, 13, 3], "texture": "#flowers", "cullface": "up"},
				"east": {"uv": [12, 2, 13, 3], "texture": "#flowers", "cullface": "up"},
				"west": {"uv": [12, 2, 13, 3], "texture": "#flowers", "cullface": "up"},
				"up": {"uv": [12, 2, 13, 3], "texture": "#flowers", "cullface": "up"},
				"down": {"uv": [12, 2, 13, 3], "texture": "#flowers", "cullface": "up"}
			}
		},
		{
			"from": [12, 18, 4],
			"to": [13, 18.5, 5],
			"rotation": {"angle": -22.5, "axis": "x", "origin": [12.5, 18, 4]},
			"faces": {
				"east": {"uv": [12, 4, 13, 5], "texture": "#flowers", "cullface": "up"},
				"south": {"uv": [12, 4, 13, 5], "texture": "#flowers", "cullface": "up"},
				"west": {"uv": [12, 4, 13, 5], "texture": "#flowers", "cullface": "up"},
				"up": {"uv": [12, 4, 13, 5], "texture": "#flowers", "cullface": "up"},
				"down": {"uv": [12, 4, 13, 5], "texture": "#flowers", "cullface": "up"}
			}
		},
		{
			"from": [12, 18, 3],
			"to": [13, 18.5, 4],
			"rotation": {"angle": 0, "axis": "y", "origin": [12.5, 18, 3.5]},
			"faces": {
				"north": {"uv": [12, 3, 13, 4], "texture": "#flowers", "cullface": "up"},
				"east": {"uv": [12, 3, 13, 4], "texture": "#flowers", "cullface": "up"},
				"south": {"uv": [12, 3, 13, 4], "texture": "#flowers", "cullface": "up"},
				"west": {"uv": [12, 3, 13, 4], "texture": "#flowers", "cullface": "up"},
				"up": {"uv": [12, 3, 13, 4], "texture": "#flowers", "cullface": "up"},
				"down": {"uv": [12, 3, 13, 4], "texture": "#flowers", "cullface": "up"}
			}
		},
		{
			"from": [1, 18.25, 8],
			"to": [2, 18.75, 9],
			"rotation": {"angle": -22.5, "axis": "z", "origin": [2, 18.25, 8.5]},
			"faces": {
				"north": {"uv": [1, 8, 2, 9], "texture": "#flowers", "cullface": "up"},
				"south": {"uv": [1, 8, 2, 9], "texture": "#flowers", "cullface": "up"},
				"west": {"uv": [1, 8, 2, 9], "texture": "#flowers", "cullface": "up"},
				"up": {"uv": [1, 8, 2, 9], "texture": "#flowers", "cullface": "up"},
				"down": {"uv": [1, 8, 2, 9], "texture": "#flowers", "cullface": "up"}
			}
		},
		{
			"from": [3, 18.25, 8],
			"to": [4, 18.75, 9],
			"rotation": {"angle": 22.5, "axis": "z", "origin": [3, 18.25, 8.5]},
			"faces": {
				"north": {"uv": [3, 8, 4, 9], "texture": "#flowers", "cullface": "up"},
				"east": {"uv": [3, 8, 4, 9], "texture": "#flowers", "cullface": "up"},
				"south": {"uv": [3, 8, 4, 9], "texture": "#flowers", "cullface": "up"},
				"up": {"uv": [3, 8, 4, 9], "texture": "#flowers", "cullface": "up"},
				"down": {"uv": [3, 8, 4, 9], "texture": "#flowers", "cullface": "up"}
			}
		},
		{
			"from": [2, 18.25, 7],
			"to": [3, 18.75, 8],
			"rotation": {"angle": 22.5, "axis": "x", "origin": [2.5, 18.25, 8]},
			"faces": {
				"north": {"uv": [2, 7, 3, 8], "texture": "#flowers", "cullface": "up"},
				"east": {"uv": [2, 7, 3, 8], "texture": "#flowers", "cullface": "up"},
				"west": {"uv": [2, 7, 3, 8], "texture": "#flowers", "cullface": "up"},
				"up": {"uv": [2, 7, 3, 8], "texture": "#flowers", "cullface": "up"},
				"down": {"uv": [2, 7, 3, 8], "texture": "#flowers", "cullface": "up"}
			}
		},
		{
			"from": [2, 18.25, 9],
			"to": [3, 18.75, 10],
			"rotation": {"angle": -22.5, "axis": "x", "origin": [2.5, 18.25, 9]},
			"faces": {
				"east": {"uv": [2, 9, 3, 10], "texture": "#flowers", "cullface": "up"},
				"south": {"uv": [2, 9, 3, 10], "texture": "#flowers", "cullface": "up"},
				"west": {"uv": [2, 9, 3, 10], "texture": "#flowers", "cullface": "up"},
				"up": {"uv": [2, 9, 3, 10], "texture": "#flowers", "cullface": "up"},
				"down": {"uv": [2, 9, 3, 10], "texture": "#flowers", "cullface": "up"}
			}
		},
		{
			"from": [2, 18.25, 8],
			"to": [3, 18.75, 9],
			"rotation": {"angle": 0, "axis": "y", "origin": [2.5, 18.25, 8.5]},
			"faces": {
				"north": {"uv": [2, 8, 3, 9], "texture": "#flowers", "cullface": "up"},
				"east": {"uv": [2, 8, 3, 9], "texture": "#flowers", "cullface": "up"},
				"south": {"uv": [2, 8, 3, 9], "texture": "#flowers", "cullface": "up"},
				"west": {"uv": [2, 8, 3, 9], "texture": "#flowers", "cullface": "up"},
				"up": {"uv": [2, 8, 3, 9], "texture": "#flowers", "cullface": "up"},
				"down": {"uv": [2, 8, 3, 9], "texture": "#flowers", "cullface": "up"}
			}
		},
		{
			"from": [9, 17.5, 11],
			"to": [10, 18, 12],
			"rotation": {"angle": -22.5, "axis": "z", "origin": [10, 17.5, 11.5]},
			"faces": {
				"north": {"uv": [9, 12, 10, 13], "texture": "#flowers", "cullface": "up"},
				"south": {"uv": [9, 12, 10, 13], "texture": "#flowers", "cullface": "up"},
				"west": {"uv": [9, 12, 10, 13], "texture": "#flowers", "cullface": "up"},
				"up": {"uv": [9, 12, 10, 13], "texture": "#flowers", "cullface": "up"},
				"down": {"uv": [9, 12, 10, 13], "texture": "#flowers", "cullface": "up"}
			}
		},
		{
			"from": [11, 17.5, 11],
			"to": [12, 18, 12],
			"rotation": {"angle": 22.5, "axis": "z", "origin": [11, 17.5, 11.5]},
			"faces": {
				"north": {"uv": [11, 12, 12, 13], "texture": "#flowers", "cullface": "up"},
				"east": {"uv": [11, 12, 12, 13], "texture": "#flowers", "cullface": "up"},
				"south": {"uv": [11, 12, 12, 13], "texture": "#flowers", "cullface": "up"},
				"up": {"uv": [11, 12, 12, 13], "texture": "#flowers", "cullface": "up"},
				"down": {"uv": [11, 12, 12, 13], "texture": "#flowers", "cullface": "up"}
			}
		},
		{
			"from": [10, 17.5, 10],
			"to": [11, 18, 11],
			"rotation": {"angle": 22.5, "axis": "x", "origin": [10.5, 17.5, 11]},
			"faces": {
				"north": {"uv": [10, 11, 11, 12], "texture": "#flowers", "cullface": "up"},
				"east": {"uv": [10, 11, 11, 12], "texture": "#flowers", "cullface": "up"},
				"west": {"uv": [10, 11, 11, 12], "texture": "#flowers", "cullface": "up"},
				"up": {"uv": [10, 11, 11, 12], "texture": "#flowers", "cullface": "up"},
				"down": {"uv": [10, 11, 11, 12], "texture": "#flowers", "cullface": "up"}
			}
		},
		{
			"from": [10, 17.5, 12],
			"to": [11, 18, 13],
			"rotation": {"angle": -22.5, "axis": "x", "origin": [10.5, 17.5, 12]},
			"faces": {
				"east": {"uv": [10, 13, 11, 14], "texture": "#flowers", "cullface": "up"},
				"south": {"uv": [10, 13, 11, 14], "texture": "#flowers", "cullface": "up"},
				"west": {"uv": [10, 13, 11, 14], "texture": "#flowers", "cullface": "up"},
				"up": {"uv": [10, 13, 11, 14], "texture": "#flowers", "cullface": "up"},
				"down": {"uv": [10, 13, 11, 14], "texture": "#flowers", "cullface": "up"}
			}
		},
		{
			"from": [10, 17.5, 11],
			"to": [11, 18, 12],
			"rotation": {"angle": 0, "axis": "y", "origin": [10.5, 17.5, 11.5]},
			"faces": {
				"north": {"uv": [10, 12, 11, 13], "texture": "#flowers", "cullface": "up"},
				"east": {"uv": [10, 12, 11, 13], "texture": "#flowers", "cullface": "up"},
				"south": {"uv": [10, 12, 11, 13], "texture": "#flowers", "cullface": "up"},
				"west": {"uv": [10, 12, 11, 13], "texture": "#flowers", "cullface": "up"},
				"up": {"uv": [10, 12, 11, 13], "texture": "#flowers", "cullface": "up"},
				"down": {"uv": [10, 12, 11, 13], "texture": "#flowers", "cullface": "up"}
			}
		},
		{
			"from": [11, -2.5, 12],
			"to": [12, -2, 13],
			"rotation": {"angle": 22.5, "axis": "z", "origin": [12, -2, 12.5]},
			"faces": {
				"north": {"uv": [11, 3, 12, 4], "rotation": 180, "texture": "#flowers", "cullface": "down"},
				"south": {"uv": [11, 3, 12, 4], "rotation": 180, "texture": "#flowers", "cullface": "down"},
				"west": {"uv": [11, 3, 12, 4], "rotation": 180, "texture": "#flowers", "cullface": "down"},
				"up": {"uv": [11, 3, 12, 4], "texture": "#flowers", "cullface": "down"},
				"down": {"uv": [11, 3, 12, 4], "texture": "#flowers", "cullface": "down"}
			}
		},
		{
			"from": [13, -2.5, 12],
			"to": [14, -2, 13],
			"rotation": {"angle": -22.5, "axis": "z", "origin": [13, -2, 12.5]},
			"faces": {
				"north": {"uv": [13, 3, 14, 4], "rotation": 180, "texture": "#flowers", "cullface": "down"},
				"east": {"uv": [13, 3, 14, 4], "rotation": 180, "texture": "#flowers", "cullface": "down"},
				"south": {"uv": [13, 3, 14, 4], "rotation": 180, "texture": "#flowers", "cullface": "down"},
				"up": {"uv": [13, 3, 14, 4], "texture": "#flowers", "cullface": "down"},
				"down": {"uv": [13, 3, 14, 4], "texture": "#flowers", "cullface": "down"}
			}
		},
		{
			"from": [12, -2.5, 13],
			"to": [13, -2, 14],
			"rotation": {"angle": 22.5, "axis": "x", "origin": [12.5, -2, 13]},
			"faces": {
				"east": {"uv": [12, 2, 13, 3], "rotation": 180, "texture": "#flowers", "cullface": "down"},
				"south": {"uv": [12, 2, 13, 3], "rotation": 180, "texture": "#flowers", "cullface": "down"},
				"west": {"uv": [12, 2, 13, 3], "rotation": 180, "texture": "#flowers", "cullface": "down"},
				"up": {"uv": [12, 2, 13, 3], "texture": "#flowers", "cullface": "down"},
				"down": {"uv": [12, 2, 13, 3], "texture": "#flowers", "cullface": "down"}
			}
		},
		{
			"from": [12, -2.5, 11],
			"to": [13, -2, 12],
			"rotation": {"angle": -22.5, "axis": "x", "origin": [12.5, -2, 12]},
			"faces": {
				"north": {"uv": [12, 4, 13, 5], "rotation": 180, "texture": "#flowers", "cullface": "down"},
				"east": {"uv": [12, 4, 13, 5], "rotation": 180, "texture": "#flowers", "cullface": "down"},
				"west": {"uv": [12, 4, 13, 5], "rotation": 180, "texture": "#flowers", "cullface": "down"},
				"up": {"uv": [12, 4, 13, 5], "texture": "#flowers", "cullface": "down"},
				"down": {"uv": [12, 4, 13, 5], "texture": "#flowers", "cullface": "down"}
			}
		},
		{
			"from": [12, -2.5, 12],
			"to": [13, -2, 13],
			"rotation": {"angle": 0, "axis": "y", "origin": [12.5, -2, 12.5]},
			"faces": {
				"north": {"uv": [12, 3, 13, 4], "rotation": 180, "texture": "#flowers", "cullface": "down"},
				"east": {"uv": [12, 3, 13, 4], "rotation": 180, "texture": "#flowers", "cullface": "down"},
				"south": {"uv": [12, 3, 13, 4], "rotation": 180, "texture": "#flowers", "cullface": "down"},
				"west": {"uv": [12, 3, 13, 4], "rotation": 180, "texture": "#flowers", "cullface": "down"},
				"up": {"uv": [12, 3, 13, 4], "texture": "#flowers", "cullface": "down"},
				"down": {"uv": [12, 3, 13, 4], "texture": "#flowers", "cullface": "down"}
			}
		},
		{
			"from": [1, -2.75, 7],
			"to": [2, -2.25, 8],
			"rotation": {"angle": 22.5, "axis": "z", "origin": [2, -2.25, 7.5]},
			"faces": {
				"north": {"uv": [1, 8, 2, 9], "rotation": 180, "texture": "#flowers", "cullface": "down"},
				"south": {"uv": [1, 8, 2, 9], "rotation": 180, "texture": "#flowers", "cullface": "down"},
				"west": {"uv": [1, 8, 2, 9], "rotation": 180, "texture": "#flowers", "cullface": "down"},
				"up": {"uv": [1, 8, 2, 9], "texture": "#flowers", "cullface": "down"},
				"down": {"uv": [1, 8, 2, 9], "texture": "#flowers", "cullface": "down"}
			}
		},
		{
			"from": [3, -2.75, 7],
			"to": [4, -2.25, 8],
			"rotation": {"angle": -22.5, "axis": "z", "origin": [3, -2.25, 7.5]},
			"faces": {
				"north": {"uv": [3, 8, 4, 9], "rotation": 180, "texture": "#flowers", "cullface": "down"},
				"east": {"uv": [3, 8, 4, 9], "rotation": 180, "texture": "#flowers", "cullface": "down"},
				"south": {"uv": [3, 8, 4, 9], "rotation": 180, "texture": "#flowers", "cullface": "down"},
				"up": {"uv": [3, 8, 4, 9], "texture": "#flowers", "cullface": "down"},
				"down": {"uv": [3, 8, 4, 9], "texture": "#flowers", "cullface": "down"}
			}
		},
		{
			"from": [2, -2.75, 8],
			"to": [3, -2.25, 9],
			"rotation": {"angle": 22.5, "axis": "x", "origin": [2.5, -2.25, 8]},
			"faces": {
				"east": {"uv": [2, 7, 3, 8], "rotation": 180, "texture": "#flowers", "cullface": "down"},
				"south": {"uv": [2, 7, 3, 8], "rotation": 180, "texture": "#flowers", "cullface": "down"},
				"west": {"uv": [2, 7, 3, 8], "rotation": 180, "texture": "#flowers", "cullface": "down"},
				"up": {"uv": [2, 7, 3, 8], "texture": "#flowers", "cullface": "down"},
				"down": {"uv": [2, 7, 3, 8], "texture": "#flowers", "cullface": "down"}
			}
		},
		{
			"from": [2, -2.75, 6],
			"to": [3, -2.25, 7],
			"rotation": {"angle": -22.5, "axis": "x", "origin": [2.5, -2.25, 7]},
			"faces": {
				"north": {"uv": [2, 9, 3, 10], "rotation": 180, "texture": "#flowers", "cullface": "down"},
				"east": {"uv": [2, 9, 3, 10], "rotation": 180, "texture": "#flowers", "cullface": "down"},
				"west": {"uv": [2, 9, 3, 10], "rotation": 180, "texture": "#flowers", "cullface": "down"},
				"up": {"uv": [2, 9, 3, 10], "texture": "#flowers", "cullface": "down"},
				"down": {"uv": [2, 9, 3, 10], "texture": "#flowers", "cullface": "down"}
			}
		},
		{
			"from": [2, -2.75, 7],
			"to": [3, -2.25, 8],
			"rotation": {"angle": 0, "axis": "y", "origin": [2.5, -2.25, 7.5]},
			"faces": {
				"north": {"uv": [2, 8, 3, 9], "rotation": 180, "texture": "#flowers", "cullface": "down"},
				"east": {"uv": [2, 8, 3, 9], "rotation": 180, "texture": "#flowers", "cullface": "down"},
				"south": {"uv": [2, 8, 3, 9], "rotation": 180, "texture": "#flowers", "cullface": "down"},
				"west": {"uv": [2, 8, 3, 9], "rotation": 180, "texture": "#flowers", "cullface": "down"},
				"up": {"uv": [2, 8, 3, 9], "texture": "#flowers", "cullface": "down"},
				"down": {"uv": [2, 8, 3, 9], "texture": "#flowers", "cullface": "down"}
			}
		},
		{
			"from": [9, -2, 4],
			"to": [10, -1.5, 5],
			"rotation": {"angle": 22.5, "axis": "z", "origin": [10, -1.5, 4.5]},
			"faces": {
				"north": {"uv": [9, 12, 10, 13], "rotation": 180, "texture": "#flowers", "cullface": "down"},
				"south": {"uv": [9, 12, 10, 13], "rotation": 180, "texture": "#flowers", "cullface": "down"},
				"west": {"uv": [9, 12, 10, 13], "rotation": 180, "texture": "#flowers", "cullface": "down"},
				"up": {"uv": [9, 12, 10, 13], "texture": "#flowers", "cullface": "down"},
				"down": {"uv": [9, 12, 10, 13], "texture": "#flowers", "cullface": "down"}
			}
		},
		{
			"from": [11, -2, 4],
			"to": [12, -1.5, 5],
			"rotation": {"angle": -22.5, "axis": "z", "origin": [11, -1.5, 4.5]},
			"faces": {
				"north": {"uv": [11, 12, 12, 13], "rotation": 180, "texture": "#flowers", "cullface": "down"},
				"east": {"uv": [11, 12, 12, 13], "rotation": 180, "texture": "#flowers", "cullface": "down"},
				"south": {"uv": [11, 12, 12, 13], "rotation": 180, "texture": "#flowers", "cullface": "down"},
				"up": {"uv": [11, 12, 12, 13], "texture": "#flowers", "cullface": "down"},
				"down": {"uv": [11, 12, 12, 13], "texture": "#flowers", "cullface": "down"}
			}
		},
		{
			"from": [10, -2, 5],
			"to": [11, -1.5, 6],
			"rotation": {"angle": 22.5, "axis": "x", "origin": [10.5, -1.5, 5]},
			"faces": {
				"east": {"uv": [10, 11, 11, 12], "rotation": 180, "texture": "#flowers", "cullface": "down"},
				"south": {"uv": [10, 11, 11, 12], "rotation": 180, "texture": "#flowers", "cullface": "down"},
				"west": {"uv": [10, 11, 11, 12], "rotation": 180, "texture": "#flowers", "cullface": "down"},
				"up": {"uv": [10, 11, 11, 12], "texture": "#flowers", "cullface": "down"},
				"down": {"uv": [10, 11, 11, 12], "texture": "#flowers", "cullface": "down"}
			}
		},
		{
			"from": [10, -2, 3],
			"to": [11, -1.5, 4],
			"rotation": {"angle": -22.5, "axis": "x", "origin": [10.5, -1.5, 4]},
			"faces": {
				"north": {"uv": [10, 13, 11, 14], "rotation": 180, "texture": "#flowers", "cullface": "down"},
				"east": {"uv": [10, 13, 11, 14], "rotation": 180, "texture": "#flowers", "cullface": "down"},
				"west": {"uv": [10, 13, 11, 14], "rotation": 180, "texture": "#flowers", "cullface": "down"},
				"up": {"uv": [10, 13, 11, 14], "texture": "#flowers", "cullface": "down"},
				"down": {"uv": [10, 13, 11, 14], "texture": "#flowers", "cullface": "down"}
			}
		},
		{
			"from": [10, -2, 4],
			"to": [11, -1.5, 5],
			"rotation": {"angle": 0, "axis": "y", "origin": [10.5, -1.5, 4.5]},
			"faces": {
				"north": {"uv": [10, 12, 11, 13], "rotation": 180, "texture": "#flowers", "cullface": "down"},
				"east": {"uv": [10, 12, 11, 13], "rotation": 180, "texture": "#flowers", "cullface": "down"},
				"south": {"uv": [10, 12, 11, 13], "rotation": 180, "texture": "#flowers", "cullface": "down"},
				"west": {"uv": [10, 12, 11, 13], "rotation": 180, "texture": "#flowers", "cullface": "down"},
				"up": {"uv": [10, 12, 11, 13], "texture": "#flowers", "cullface": "down"},
				"down": {"uv": [10, 12, 11, 13], "texture": "#flowers", "cullface": "down"}
			}
		},
		{
			"from": [4, 12, -2.5],
			"to": [5, 13, -2],
			"rotation": {"angle": 22.5, "axis": "y", "origin": [4, 12.5, -2]},
			"faces": {
				"north": {"uv": [11, 3, 12, 4], "texture": "#flowers", "cullface": "north"},
				"east": {"uv": [11, 3, 12, 4], "rotation": 90, "texture": "#flowers", "cullface": "north"},
				"south": {"uv": [11, 3, 12, 4], "rotation": 180, "texture": "#flowers", "cullface": "north"},
				"up": {"uv": [11, 3, 12, 4], "texture": "#flowers", "cullface": "north"},
				"down": {"uv": [11, 3, 12, 4], "rotation": 180, "texture": "#flowers", "cullface": "north"}
			}
		},
		{
			"from": [2, 12, -2.5],
			"to": [3, 13, -2],
			"rotation": {"angle": -22.5, "axis": "y", "origin": [3, 12.5, -2]},
			"faces": {
				"north": {"uv": [13, 3, 14, 4], "texture": "#flowers", "cullface": "north"},
				"south": {"uv": [13, 3, 14, 4], "rotation": 180, "texture": "#flowers", "cullface": "north"},
				"west": {"uv": [13, 3, 14, 4], "rotation": 270, "texture": "#flowers", "cullface": "north"},
				"up": {"uv": [13, 3, 14, 4], "texture": "#flowers", "cullface": "north"},
				"down": {"uv": [13, 3, 14, 4], "rotation": 180, "texture": "#flowers", "cullface": "north"}
			}
		},
		{
			"from": [3, 13, -2.5],
			"to": [4, 14, -2],
			"rotation": {"angle": -22.5, "axis": "x", "origin": [3.5, 13, -2]},
			"faces": {
				"north": {"uv": [12, 2, 13, 3], "texture": "#flowers", "cullface": "north"},
				"east": {"uv": [12, 2, 13, 3], "rotation": 90, "texture": "#flowers", "cullface": "north"},
				"south": {"uv": [12, 2, 13, 3], "rotation": 180, "texture": "#flowers", "cullface": "north"},
				"west": {"uv": [12, 2, 13, 3], "rotation": 270, "texture": "#flowers", "cullface": "north"},
				"up": {"uv": [12, 2, 13, 3], "texture": "#flowers", "cullface": "north"}
			}
		},
		{
			"from": [3, 11, -2.5],
			"to": [4, 12, -2],
			"rotation": {"angle": 22.5, "axis": "x", "origin": [3.5, 12, -2]},
			"faces": {
				"north": {"uv": [12, 4, 13, 5], "texture": "#flowers", "cullface": "north"},
				"east": {"uv": [12, 4, 13, 5], "rotation": 90, "texture": "#flowers", "cullface": "north"},
				"south": {"uv": [12, 4, 13, 5], "rotation": 180, "texture": "#flowers", "cullface": "north"},
				"west": {"uv": [12, 4, 13, 5], "rotation": 270, "texture": "#flowers", "cullface": "north"},
				"down": {"uv": [12, 4, 13, 5], "rotation": 180, "texture": "#flowers", "cullface": "north"}
			}
		},
		{
			"from": [3, 12, -2.5],
			"to": [4, 13, -2],
			"rotation": {"angle": 0, "axis": "y", "origin": [3.5, 12.5, -2]},
			"faces": {
				"north": {"uv": [12, 3, 13, 4], "texture": "#flowers", "cullface": "north"},
				"east": {"uv": [12, 3, 13, 4], "rotation": 90, "texture": "#flowers", "cullface": "north"},
				"south": {"uv": [12, 3, 13, 4], "rotation": 180, "texture": "#flowers", "cullface": "north"},
				"west": {"uv": [12, 3, 13, 4], "rotation": 270, "texture": "#flowers", "cullface": "north"},
				"up": {"uv": [12, 3, 13, 4], "texture": "#flowers", "cullface": "north"},
				"down": {"uv": [12, 3, 13, 4], "rotation": 180, "texture": "#flowers", "cullface": "north"}
			}
		},
		{
			"from": [14, 7, -2.75],
			"to": [15, 8, -2.25],
			"rotation": {"angle": 22.5, "axis": "y", "origin": [14, 7.5, -2.25]},
			"faces": {
				"north": {"uv": [1, 8, 2, 9], "texture": "#flowers", "cullface": "north"},
				"east": {"uv": [1, 8, 2, 9], "rotation": 90, "texture": "#flowers", "cullface": "north"},
				"south": {"uv": [1, 8, 2, 9], "rotation": 180, "texture": "#flowers", "cullface": "north"},
				"up": {"uv": [1, 8, 2, 9], "texture": "#flowers", "cullface": "north"},
				"down": {"uv": [1, 8, 2, 9], "rotation": 180, "texture": "#flowers", "cullface": "north"}
			}
		},
		{
			"from": [12, 7, -2.75],
			"to": [13, 8, -2.25],
			"rotation": {"angle": -22.5, "axis": "y", "origin": [13, 7.5, -2.25]},
			"faces": {
				"north": {"uv": [3, 8, 4, 9], "texture": "#flowers", "cullface": "north"},
				"south": {"uv": [3, 8, 4, 9], "rotation": 180, "texture": "#flowers", "cullface": "north"},
				"west": {"uv": [3, 8, 4, 9], "rotation": 270, "texture": "#flowers", "cullface": "north"},
				"up": {"uv": [3, 8, 4, 9], "texture": "#flowers", "cullface": "north"},
				"down": {"uv": [3, 8, 4, 9], "rotation": 180, "texture": "#flowers", "cullface": "north"}
			}
		},
		{
			"from": [13, 8, -2.75],
			"to": [14, 9, -2.25],
			"rotation": {"angle": -22.5, "axis": "x", "origin": [13.5, 8, -2.25]},
			"faces": {
				"north": {"uv": [2, 7, 3, 8], "texture": "#flowers", "cullface": "north"},
				"east": {"uv": [2, 7, 3, 8], "rotation": 90, "texture": "#flowers", "cullface": "north"},
				"south": {"uv": [2, 7, 3, 8], "rotation": 180, "texture": "#flowers", "cullface": "north"},
				"west": {"uv": [2, 7, 3, 8], "rotation": 270, "texture": "#flowers", "cullface": "north"},
				"up": {"uv": [2, 7, 3, 8], "texture": "#flowers", "cullface": "north"}
			}
		},
		{
			"from": [13, 6, -2.75],
			"to": [14, 7, -2.25],
			"rotation": {"angle": 22.5, "axis": "x", "origin": [13.5, 7, -2.25]},
			"faces": {
				"north": {"uv": [2, 9, 3, 10], "texture": "#flowers", "cullface": "north"},
				"east": {"uv": [2, 9, 3, 10], "rotation": 90, "texture": "#flowers", "cullface": "north"},
				"south": {"uv": [2, 9, 3, 10], "rotation": 180, "texture": "#flowers", "cullface": "north"},
				"west": {"uv": [2, 9, 3, 10], "rotation": 270, "texture": "#flowers", "cullface": "north"},
				"down": {"uv": [2, 9, 3, 10], "rotation": 180, "texture": "#flowers", "cullface": "north"}
			}
		},
		{
			"from": [13, 7, -2.75],
			"to": [14, 8, -2.25],
			"rotation": {"angle": 0, "axis": "y", "origin": [13.5, 7.5, -2.25]},
			"faces": {
				"north": {"uv": [2, 8, 3, 9], "texture": "#flowers", "cullface": "north"},
				"east": {"uv": [2, 8, 3, 9], "rotation": 90, "texture": "#flowers", "cullface": "north"},
				"south": {"uv": [2, 8, 3, 9], "rotation": 180, "texture": "#flowers", "cullface": "north"},
				"west": {"uv": [2, 8, 3, 9], "rotation": 270, "texture": "#flowers", "cullface": "north"},
				"up": {"uv": [2, 8, 3, 9], "texture": "#flowers", "cullface": "north"},
				"down": {"uv": [2, 8, 3, 9], "rotation": 180, "texture": "#flowers", "cullface": "north"}
			}
		},
		{
			"from": [6, 4, -2],
			"to": [7, 5, -1.5],
			"rotation": {"angle": 22.5, "axis": "y", "origin": [6, 4.5, -1.5]},
			"faces": {
				"north": {"uv": [9, 12, 10, 13], "texture": "#flowers", "cullface": "north"},
				"east": {"uv": [9, 12, 10, 13], "rotation": 90, "texture": "#flowers", "cullface": "north"},
				"south": {"uv": [9, 12, 10, 13], "rotation": 180, "texture": "#flowers", "cullface": "north"},
				"up": {"uv": [9, 12, 10, 13], "texture": "#flowers", "cullface": "north"},
				"down": {"uv": [9, 12, 10, 13], "rotation": 180, "texture": "#flowers", "cullface": "north"}
			}
		},
		{
			"from": [4, 4, -2],
			"to": [5, 5, -1.5],
			"rotation": {"angle": -22.5, "axis": "y", "origin": [5, 4.5, -1.5]},
			"faces": {
				"north": {"uv": [11, 12, 12, 13], "texture": "#flowers", "cullface": "north"},
				"south": {"uv": [11, 12, 12, 13], "rotation": 180, "texture": "#flowers", "cullface": "north"},
				"west": {"uv": [11, 12, 12, 13], "rotation": 270, "texture": "#flowers", "cullface": "north"},
				"up": {"uv": [11, 12, 12, 13], "texture": "#flowers", "cullface": "north"},
				"down": {"uv": [11, 12, 12, 13], "rotation": 180, "texture": "#flowers", "cullface": "north"}
			}
		},
		{
			"from": [5, 5, -2],
			"to": [6, 6, -1.5],
			"rotation": {"angle": -22.5, "axis": "x", "origin": [5.5, 5, -1.5]},
			"faces": {
				"north": {"uv": [10, 11, 11, 12], "texture": "#flowers", "cullface": "north"},
				"east": {"uv": [10, 11, 11, 12], "rotation": 90, "texture": "#flowers", "cullface": "north"},
				"south": {"uv": [10, 11, 11, 12], "rotation": 180, "texture": "#flowers", "cullface": "north"},
				"west": {"uv": [10, 11, 11, 12], "rotation": 270, "texture": "#flowers", "cullface": "north"},
				"up": {"uv": [10, 11, 11, 12], "texture": "#flowers", "cullface": "north"}
			}
		},
		{
			"from": [5, 3, -2],
			"to": [6, 4, -1.5],
			"rotation": {"angle": 22.5, "axis": "x", "origin": [5.5, 4, -1.5]},
			"faces": {
				"north": {"uv": [10, 13, 11, 14], "texture": "#flowers", "cullface": "north"},
				"east": {"uv": [10, 13, 11, 14], "rotation": 90, "texture": "#flowers", "cullface": "north"},
				"south": {"uv": [10, 13, 11, 14], "rotation": 180, "texture": "#flowers", "cullface": "north"},
				"west": {"uv": [10, 13, 11, 14], "rotation": 270, "texture": "#flowers", "cullface": "north"},
				"down": {"uv": [10, 13, 11, 14], "rotation": 180, "texture": "#flowers", "cullface": "north"}
			}
		},
		{
			"from": [5, 4, -2],
			"to": [6, 5, -1.5],
			"rotation": {"angle": 0, "axis": "y", "origin": [5.5, 4.5, -1.5]},
			"faces": {
				"north": {"uv": [10, 12, 11, 13], "texture": "#flowers", "cullface": "north"},
				"east": {"uv": [10, 12, 11, 13], "rotation": 90, "texture": "#flowers", "cullface": "north"},
				"south": {"uv": [10, 12, 11, 13], "rotation": 180, "texture": "#flowers", "cullface": "north"},
				"west": {"uv": [10, 12, 11, 13], "rotation": 270, "texture": "#flowers", "cullface": "north"},
				"up": {"uv": [10, 12, 11, 13], "texture": "#flowers", "cullface": "north"},
				"down": {"uv": [10, 12, 11, 13], "rotation": 180, "texture": "#flowers", "cullface": "north"}
			}
		},
		{
			"from": [11, 12, 18],
			"to": [12, 13, 18.5],
			"rotation": {"angle": 22.5, "axis": "y", "origin": [12, 12.5, 18]},
			"faces": {
				"north": {"uv": [11, 3, 12, 4], "rotation": 180, "texture": "#flowers", "cullface": "south"},
				"south": {"uv": [11, 3, 12, 4], "texture": "#flowers", "cullface": "south"},
				"west": {"uv": [11, 3, 12, 4], "rotation": 90, "texture": "#flowers", "cullface": "south"},
				"up": {"uv": [11, 3, 12, 4], "rotation": 180, "texture": "#flowers", "cullface": "south"},
				"down": {"uv": [11, 3, 12, 4], "texture": "#flowers", "cullface": "south"}
			}
		},
		{
			"from": [13, 12, 18],
			"to": [14, 13, 18.5],
			"rotation": {"angle": -22.5, "axis": "y", "origin": [13, 12.5, 18]},
			"faces": {
				"north": {"uv": [13, 3, 14, 4], "rotation": 180, "texture": "#flowers", "cullface": "south"},
				"east": {"uv": [13, 3, 14, 4], "rotation": 270, "texture": "#flowers", "cullface": "south"},
				"south": {"uv": [13, 3, 14, 4], "texture": "#flowers", "cullface": "south"},
				"up": {"uv": [13, 3, 14, 4], "rotation": 180, "texture": "#flowers", "cullface": "south"},
				"down": {"uv": [13, 3, 14, 4], "texture": "#flowers", "cullface": "south"}
			}
		},
		{
			"from": [12, 13, 18],
			"to": [13, 14, 18.5],
			"rotation": {"angle": 22.5, "axis": "x", "origin": [12.5, 13, 18]},
			"faces": {
				"north": {"uv": [12, 2, 13, 3], "rotation": 180, "texture": "#flowers", "cullface": "south"},
				"east": {"uv": [12, 2, 13, 3], "rotation": 270, "texture": "#flowers", "cullface": "south"},
				"south": {"uv": [12, 2, 13, 3], "texture": "#flowers", "cullface": "south"},
				"west": {"uv": [12, 2, 13, 3], "rotation": 90, "texture": "#flowers", "cullface": "south"},
				"up": {"uv": [12, 2, 13, 3], "rotation": 180, "texture": "#flowers", "cullface": "south"}
			}
		},
		{
			"from": [12, 11, 18],
			"to": [13, 12, 18.5],
			"rotation": {"angle": -22.5, "axis": "x", "origin": [12.5, 12, 18]},
			"faces": {
				"north": {"uv": [12, 4, 13, 5], "rotation": 180, "texture": "#flowers", "cullface": "south"},
				"east": {"uv": [12, 4, 13, 5], "rotation": 270, "texture": "#flowers", "cullface": "south"},
				"south": {"uv": [12, 4, 13, 5], "texture": "#flowers", "cullface": "south"},
				"west": {"uv": [12, 4, 13, 5], "rotation": 90, "texture": "#flowers", "cullface": "south"},
				"down": {"uv": [12, 4, 13, 5], "texture": "#flowers", "cullface": "south"}
			}
		},
		{
			"from": [12, 12, 18],
			"to": [13, 13, 18.5],
			"rotation": {"angle": 0, "axis": "y", "origin": [12.5, 12.5, 18]},
			"faces": {
				"north": {"uv": [12, 3, 13, 4], "rotation": 180, "texture": "#flowers", "cullface": "south"},
				"east": {"uv": [12, 3, 13, 4], "rotation": 270, "texture": "#flowers", "cullface": "south"},
				"south": {"uv": [12, 3, 13, 4], "texture": "#flowers", "cullface": "south"},
				"west": {"uv": [12, 3, 13, 4], "rotation": 90, "texture": "#flowers", "cullface": "south"},
				"up": {"uv": [12, 3, 13, 4], "rotation": 180, "texture": "#flowers", "cullface": "south"},
				"down": {"uv": [12, 3, 13, 4], "texture": "#flowers", "cullface": "south"}
			}
		},
		{
			"from": [1, 7, 18.25],
			"to": [2, 8, 18.75],
			"rotation": {"angle": 22.5, "axis": "y", "origin": [2, 7.5, 18.25]},
			"faces": {
				"north": {"uv": [1, 8, 2, 9], "rotation": 180, "texture": "#flowers", "cullface": "south"},
				"south": {"uv": [1, 8, 2, 9], "texture": "#flowers", "cullface": "south"},
				"west": {"uv": [1, 8, 2, 9], "rotation": 90, "texture": "#flowers", "cullface": "south"},
				"up": {"uv": [1, 8, 2, 9], "rotation": 180, "texture": "#flowers", "cullface": "south"},
				"down": {"uv": [1, 8, 2, 9], "texture": "#flowers", "cullface": "south"}
			}
		},
		{
			"from": [3, 7, 18.25],
			"to": [4, 8, 18.75],
			"rotation": {"angle": -22.5, "axis": "y", "origin": [3, 7.5, 18.25]},
			"faces": {
				"north": {"uv": [3, 8, 4, 9], "rotation": 180, "texture": "#flowers", "cullface": "south"},
				"east": {"uv": [3, 8, 4, 9], "rotation": 270, "texture": "#flowers", "cullface": "south"},
				"south": {"uv": [3, 8, 4, 9], "texture": "#flowers", "cullface": "south"},
				"up": {"uv": [3, 8, 4, 9], "rotation": 180, "texture": "#flowers", "cullface": "south"},
				"down": {"uv": [3, 8, 4, 9], "texture": "#flowers", "cullface": "south"}
			}
		},
		{
			"from": [2, 8, 18.25],
			"to": [3, 9, 18.75],
			"rotation": {"angle": 22.5, "axis": "x", "origin": [2.5, 8, 18.25]},
			"faces": {
				"north": {"uv": [2, 7, 3, 8], "rotation": 180, "texture": "#flowers", "cullface": "south"},
				"east": {"uv": [2, 7, 3, 8], "rotation": 270, "texture": "#flowers", "cullface": "south"},
				"south": {"uv": [2, 7, 3, 8], "texture": "#flowers", "cullface": "south"},
				"west": {"uv": [2, 7, 3, 8], "rotation": 90, "texture": "#flowers", "cullface": "south"},
				"up": {"uv": [2, 7, 3, 8], "rotation": 180, "texture": "#flowers", "cullface": "south"}
			}
		},
		{
			"from": [2, 6, 18.25],
			"to": [3, 7, 18.75],
			"rotation": {"angle": -22.5, "axis": "x", "origin": [2.5, 7, 18.25]},
			"faces": {
				"north": {"uv": [2, 9, 3, 10], "rotation": 180, "texture": "#flowers", "cullface": "south"},
				"east": {"uv": [2, 9, 3, 10], "rotation": 270, "texture": "#flowers", "cullface": "south"},
				"south": {"uv": [2, 9, 3, 10], "texture": "#flowers", "cullface": "south"},
				"west": {"uv": [2, 9, 3, 10], "rotation": 90, "texture": "#flowers", "cullface": "south"},
				"down": {"uv": [2, 9, 3, 10], "texture": "#flowers", "cullface": "south"}
			}
		},
		{
			"from": [2, 7, 18.25],
			"to": [3, 8, 18.75],
			"rotation": {"angle": 0, "axis": "y", "origin": [2.5, 8, 18.25]},
			"faces": {
				"north": {"uv": [2, 8, 3, 9], "rotation": 180, "texture": "#flowers", "cullface": "south"},
				"east": {"uv": [2, 8, 3, 9], "rotation": 270, "texture": "#flowers", "cullface": "south"},
				"south": {"uv": [2, 8, 3, 9], "texture": "#flowers", "cullface": "south"},
				"west": {"uv": [2, 8, 3, 9], "rotation": 90, "texture": "#flowers", "cullface": "south"},
				"up": {"uv": [2, 8, 3, 9], "rotation": 180, "texture": "#flowers", "cullface": "south"},
				"down": {"uv": [2, 8, 3, 9], "texture": "#flowers", "cullface": "south"}
			}
		},
		{
			"from": [9, 4, 17.5],
			"to": [10, 5, 18],
			"rotation": {"angle": 22.5, "axis": "y", "origin": [10, 4.5, 17.5]},
			"faces": {
				"north": {"uv": [9, 12, 10, 13], "rotation": 180, "texture": "#flowers", "cullface": "south"},
				"south": {"uv": [9, 12, 10, 13], "texture": "#flowers", "cullface": "south"},
				"west": {"uv": [9, 12, 10, 13], "rotation": 90, "texture": "#flowers", "cullface": "south"},
				"up": {"uv": [9, 12, 10, 13], "rotation": 180, "texture": "#flowers", "cullface": "south"},
				"down": {"uv": [9, 12, 10, 13], "texture": "#flowers", "cullface": "south"}
			}
		},
		{
			"from": [11, 4, 17.5],
			"to": [12, 5, 18],
			"rotation": {"angle": -22.5, "axis": "y", "origin": [11, 4.5, 17.5]},
			"faces": {
				"north": {"uv": [11, 12, 12, 13], "rotation": 180, "texture": "#flowers", "cullface": "south"},
				"east": {"uv": [11, 12, 12, 13], "rotation": 270, "texture": "#flowers", "cullface": "south"},
				"south": {"uv": [11, 12, 12, 13], "texture": "#flowers", "cullface": "south"},
				"up": {"uv": [11, 12, 12, 13], "rotation": 180, "texture": "#flowers", "cullface": "south"},
				"down": {"uv": [11, 12, 12, 13], "texture": "#flowers", "cullface": "south"}
			}
		},
		{
			"from": [10, 5, 17.5],
			"to": [11, 6, 18],
			"rotation": {"angle": 22.5, "axis": "x", "origin": [10.5, 5, 17.5]},
			"faces": {
				"north": {"uv": [10, 11, 11, 12], "rotation": 180, "texture": "#flowers", "cullface": "south"},
				"east": {"uv": [10, 11, 11, 12], "rotation": 270, "texture": "#flowers", "cullface": "south"},
				"south": {"uv": [10, 11, 11, 12], "texture": "#flowers", "cullface": "south"},
				"west": {"uv": [10, 11, 11, 12], "rotation": 90, "texture": "#flowers", "cullface": "south"},
				"up": {"uv": [10, 11, 11, 12], "rotation": 180, "texture": "#flowers", "cullface": "south"}
			}
		},
		{
			"from": [10, 3, 17.5],
			"to": [11, 4, 18],
			"rotation": {"angle": -22.5, "axis": "x", "origin": [10.5, 4, 17.5]},
			"faces": {
				"north": {"uv": [10, 13, 11, 14], "rotation": 180, "texture": "#flowers", "cullface": "south"},
				"east": {"uv": [10, 13, 11, 14], "rotation": 270, "texture": "#flowers", "cullface": "south"},
				"south": {"uv": [10, 13, 11, 14], "texture": "#flowers", "cullface": "south"},
				"west": {"uv": [10, 13, 11, 14], "rotation": 90, "texture": "#flowers", "cullface": "south"},
				"down": {"uv": [10, 13, 11, 14], "texture": "#flowers", "cullface": "south"}
			}
		},
		{
			"from": [10, 4, 17.5],
			"to": [11, 5, 18],
			"rotation": {"angle": 0, "axis": "y", "origin": [10.5, 5, 17.5]},
			"faces": {
				"north": {"uv": [10, 12, 11, 13], "rotation": 180, "texture": "#flowers", "cullface": "south"},
				"east": {"uv": [10, 12, 11, 13], "rotation": 270, "texture": "#flowers", "cullface": "south"},
				"south": {"uv": [10, 12, 11, 13], "texture": "#flowers", "cullface": "south"},
				"west": {"uv": [10, 12, 11, 13], "rotation": 90, "texture": "#flowers", "cullface": "south"},
				"up": {"uv": [10, 12, 11, 13], "rotation": 180, "texture": "#flowers", "cullface": "south"},
				"down": {"uv": [10, 12, 11, 13], "texture": "#flowers", "cullface": "south"}
			}
		},
		{
			"from": [-2.5, 12, 11],
			"to": [-2, 13, 12],
			"rotation": {"angle": 22.5, "axis": "y", "origin": [-2, 12.5, 12]},
			"faces": {
				"north": {"uv": [11, 3, 12, 4], "rotation": 90, "texture": "#flowers", "cullface": "west"},
				"east": {"uv": [11, 3, 12, 4], "rotation": 180, "texture": "#flowers", "cullface": "west"},
				"west": {"uv": [11, 3, 12, 4], "texture": "#flowers", "cullface": "west"},
				"up": {"uv": [11, 3, 12, 4], "rotation": 270, "texture": "#flowers", "cullface": "west"},
				"down": {"uv": [11, 3, 12, 4], "rotation": 270, "texture": "#flowers", "cullface": "west"}
			}
		},
		{
			"from": [-2.5, 12, 13],
			"to": [-2, 13, 14],
			"rotation": {"angle": -22.5, "axis": "y", "origin": [-2, 12.5, 13]},
			"faces": {
				"east": {"uv": [13, 3, 14, 4], "rotation": 180, "texture": "#flowers", "cullface": "west"},
				"south": {"uv": [13, 3, 14, 4], "rotation": 270, "texture": "#flowers", "cullface": "west"},
				"west": {"uv": [13, 3, 14, 4], "texture": "#flowers", "cullface": "west"},
				"up": {"uv": [13, 3, 14, 4], "rotation": 270, "texture": "#flowers", "cullface": "west"},
				"down": {"uv": [13, 3, 14, 4], "rotation": 270, "texture": "#flowers", "cullface": "west"}
			}
		},
		{
			"from": [-2.5, 13, 12],
			"to": [-2, 14, 13],
			"rotation": {"angle": 22.5, "axis": "z", "origin": [-2, 13, 12.5]},
			"faces": {
				"north": {"uv": [12, 2, 13, 3], "rotation": 90, "texture": "#flowers", "cullface": "west"},
				"east": {"uv": [12, 2, 13, 3], "rotation": 180, "texture": "#flowers", "cullface": "west"},
				"south": {"uv": [12, 2, 13, 3], "rotation": 270, "texture": "#flowers", "cullface": "west"},
				"west": {"uv": [12, 2, 13, 3], "texture": "#flowers", "cullface": "west"},
				"up": {"uv": [12, 2, 13, 3], "rotation": 270, "texture": "#flowers", "cullface": "west"}
			}
		},
		{
			"from": [-2.5, 11, 12],
			"to": [-2, 12, 13],
			"rotation": {"angle": -22.5, "axis": "z", "origin": [-2, 12, 12.5]},
			"faces": {
				"north": {"uv": [12, 4, 13, 5], "rotation": 90, "texture": "#flowers", "cullface": "west"},
				"east": {"uv": [12, 4, 13, 5], "rotation": 180, "texture": "#flowers", "cullface": "west"},
				"south": {"uv": [12, 4, 13, 5], "rotation": 270, "texture": "#flowers", "cullface": "west"},
				"west": {"uv": [12, 4, 13, 5], "texture": "#flowers", "cullface": "west"},
				"down": {"uv": [12, 4, 13, 5], "rotation": 270, "texture": "#flowers", "cullface": "west"}
			}
		},
		{
			"from": [-2.5, 12, 12],
			"to": [-2, 13, 13],
			"rotation": {"angle": 0, "axis": "y", "origin": [-2, 12.5, 12.5]},
			"faces": {
				"north": {"uv": [12, 3, 13, 4], "rotation": 90, "texture": "#flowers", "cullface": "west"},
				"east": {"uv": [12, 3, 13, 4], "rotation": 180, "texture": "#flowers", "cullface": "west"},
				"south": {"uv": [12, 3, 13, 4], "rotation": 270, "texture": "#flowers", "cullface": "west"},
				"west": {"uv": [12, 3, 13, 4], "texture": "#flowers", "cullface": "west"},
				"up": {"uv": [12, 3, 13, 4], "rotation": 270, "texture": "#flowers", "cullface": "west"},
				"down": {"uv": [12, 3, 13, 4], "rotation": 270, "texture": "#flowers", "cullface": "west"}
			}
		},
		{
			"from": [-2.75, 7, 1],
			"to": [-2.25, 8, 2],
			"rotation": {"angle": 22.5, "axis": "y", "origin": [-2.25, 7.5, 2]},
			"faces": {
				"north": {"uv": [1, 8, 2, 9], "rotation": 90, "texture": "#flowers", "cullface": "west"},
				"east": {"uv": [1, 8, 2, 9], "rotation": 180, "texture": "#flowers", "cullface": "west"},
				"west": {"uv": [1, 8, 2, 9], "texture": "#flowers", "cullface": "west"},
				"up": {"uv": [1, 8, 2, 9], "rotation": 270, "texture": "#flowers", "cullface": "west"},
				"down": {"uv": [1, 8, 2, 9], "rotation": 270, "texture": "#flowers", "cullface": "west"}
			}
		},
		{
			"from": [-2.75, 7, 3],
			"to": [-2.25, 8, 4],
			"rotation": {"angle": -22.5, "axis": "y", "origin": [-2.25, 7.5, 3]},
			"faces": {
				"east": {"uv": [3, 8, 4, 9], "rotation": 180, "texture": "#flowers", "cullface": "west"},
				"south": {"uv": [3, 8, 4, 9], "rotation": 270, "texture": "#flowers", "cullface": "west"},
				"west": {"uv": [3, 8, 4, 9], "texture": "#flowers", "cullface": "west"},
				"up": {"uv": [3, 8, 4, 9], "rotation": 270, "texture": "#flowers", "cullface": "west"},
				"down": {"uv": [3, 8, 4, 9], "rotation": 270, "texture": "#flowers", "cullface": "west"}
			}
		},
		{
			"from": [-2.75, 8, 2],
			"to": [-2.25, 9, 3],
			"rotation": {"angle": 22.5, "axis": "z", "origin": [-2.25, 8, 2.5]},
			"faces": {
				"north": {"uv": [2, 7, 3, 8], "rotation": 90, "texture": "#flowers", "cullface": "west"},
				"east": {"uv": [2, 7, 3, 8], "rotation": 180, "texture": "#flowers", "cullface": "west"},
				"south": {"uv": [2, 7, 3, 8], "rotation": 270, "texture": "#flowers", "cullface": "west"},
				"west": {"uv": [2, 7, 3, 8], "texture": "#flowers", "cullface": "west"},
				"up": {"uv": [2, 7, 3, 8], "rotation": 270, "texture": "#flowers", "cullface": "west"}
			}
		},
		{
			"from": [-2.75, 6, 2],
			"to": [-2.25, 7, 3],
			"rotation": {"angle": -22.5, "axis": "z", "origin": [-2.25, 7, 2.5]},
			"faces": {
				"north": {"uv": [2, 9, 3, 10], "rotation": 90, "texture": "#flowers", "cullface": "west"},
				"east": {"uv": [2, 9, 3, 10], "rotation": 180, "texture": "#flowers", "cullface": "west"},
				"south": {"uv": [2, 9, 3, 10], "rotation": 270, "texture": "#flowers", "cullface": "west"},
				"west": {"uv": [2, 9, 3, 10], "texture": "#flowers", "cullface": "west"},
				"down": {"uv": [2, 9, 3, 10], "rotation": 270, "texture": "#flowers", "cullface": "west"}
			}
		},
		{
			"from": [-2.75, 7, 2],
			"to": [-2.25, 8, 3],
			"rotation": {"angle": 0, "axis": "y", "origin": [-2.25, 7.5, 2.5]},
			"faces": {
				"north": {"uv": [2, 8, 3, 9], "rotation": 90, "texture": "#flowers", "cullface": "west"},
				"east": {"uv": [2, 8, 3, 9], "rotation": 180, "texture": "#flowers", "cullface": "west"},
				"south": {"uv": [2, 8, 3, 9], "rotation": 270, "texture": "#flowers", "cullface": "west"},
				"west": {"uv": [2, 8, 3, 9], "texture": "#flowers", "cullface": "west"},
				"up": {"uv": [2, 8, 3, 9], "rotation": 270, "texture": "#flowers", "cullface": "west"},
				"down": {"uv": [2, 8, 3, 9], "rotation": 270, "texture": "#flowers", "cullface": "west"}
			}
		},
		{
			"from": [-1.75, 4, 9],
			"to": [-1.25, 5, 10],
			"rotation": {"angle": 22.5, "axis": "y", "origin": [-1.25, 4.5, 10]},
			"faces": {
				"north": {"uv": [9, 12, 10, 13], "rotation": 90, "texture": "#flowers", "cullface": "west"},
				"east": {"uv": [9, 12, 10, 13], "rotation": 180, "texture": "#flowers", "cullface": "west"},
				"west": {"uv": [9, 12, 10, 13], "texture": "#flowers", "cullface": "west"},
				"up": {"uv": [9, 12, 10, 13], "rotation": 270, "texture": "#flowers", "cullface": "west"},
				"down": {"uv": [9, 12, 10, 13], "rotation": 270, "texture": "#flowers", "cullface": "west"}
			}
		},
		{
			"from": [-1.75, 4, 11],
			"to": [-1.25, 5, 12],
			"rotation": {"angle": -22.5, "axis": "y", "origin": [-1.25, 4.5, 11]},
			"faces": {
				"east": {"uv": [11, 12, 12, 13], "rotation": 180, "texture": "#flowers", "cullface": "west"},
				"south": {"uv": [11, 12, 12, 13], "rotation": 270, "texture": "#flowers", "cullface": "west"},
				"west": {"uv": [11, 12, 12, 13], "texture": "#flowers", "cullface": "west"},
				"up": {"uv": [11, 12, 12, 13], "rotation": 270, "texture": "#flowers", "cullface": "west"},
				"down": {"uv": [11, 12, 12, 13], "rotation": 270, "texture": "#flowers", "cullface": "west"}
			}
		},
		{
			"from": [-1.75, 5, 10],
			"to": [-1.25, 6, 11],
			"rotation": {"angle": 22.5, "axis": "z", "origin": [-1.25, 5, 10.5]},
			"faces": {
				"north": {"uv": [10, 11, 11, 12], "rotation": 90, "texture": "#flowers", "cullface": "west"},
				"east": {"uv": [10, 11, 11, 12], "rotation": 180, "texture": "#flowers", "cullface": "west"},
				"south": {"uv": [10, 11, 11, 12], "rotation": 270, "texture": "#flowers", "cullface": "west"},
				"west": {"uv": [10, 11, 11, 12], "texture": "#flowers", "cullface": "west"},
				"up": {"uv": [10, 11, 11, 12], "rotation": 270, "texture": "#flowers", "cullface": "west"}
			}
		},
		{
			"from": [-1.75, 3, 10],
			"to": [-1.25, 4, 11],
			"rotation": {"angle": -22.5, "axis": "z", "origin": [-1.25, 4, 10.5]},
			"faces": {
				"north": {"uv": [10, 13, 11, 14], "rotation": 90, "texture": "#flowers", "cullface": "west"},
				"east": {"uv": [10, 13, 11, 14], "rotation": 180, "texture": "#flowers", "cullface": "west"},
				"south": {"uv": [10, 13, 11, 14], "rotation": 270, "texture": "#flowers", "cullface": "west"},
				"west": {"uv": [10, 13, 11, 14], "texture": "#flowers", "cullface": "west"},
				"down": {"uv": [10, 13, 11, 14], "rotation": 270, "texture": "#flowers", "cullface": "west"}
			}
		},
		{
			"from": [-1.75, 4, 10],
			"to": [-1.25, 5, 11],
			"rotation": {"angle": 0, "axis": "y", "origin": [-1.25, 4.5, 10.5]},
			"faces": {
				"north": {"uv": [10, 12, 11, 13], "rotation": 90, "texture": "#flowers", "cullface": "west"},
				"east": {"uv": [10, 12, 11, 13], "rotation": 180, "texture": "#flowers", "cullface": "west"},
				"south": {"uv": [10, 12, 11, 13], "rotation": 270, "texture": "#flowers", "cullface": "west"},
				"west": {"uv": [10, 12, 11, 13], "texture": "#flowers", "cullface": "west"},
				"up": {"uv": [10, 12, 11, 13], "rotation": 270, "texture": "#flowers", "cullface": "west"},
				"down": {"uv": [10, 12, 11, 13], "rotation": 270, "texture": "#flowers", "cullface": "west"}
			}
		},
		{
			"from": [18, 12, 4],
			"to": [18.5, 13, 5],
			"rotation": {"angle": 22.5, "axis": "y", "origin": [18, 12.5, 4]},
			"faces": {
				"east": {"uv": [11, 3, 12, 4], "texture": "#flowers", "cullface": "east"},
				"south": {"uv": [11, 3, 12, 4], "rotation": 90, "texture": "#flowers", "cullface": "east"},
				"west": {"uv": [11, 3, 12, 4], "rotation": 180, "texture": "#flowers", "cullface": "east"},
				"up": {"uv": [11, 3, 12, 4], "rotation": 90, "texture": "#flowers", "cullface": "east"},
				"down": {"uv": [11, 3, 12, 4], "rotation": 90, "texture": "#flowers", "cullface": "east"}
			}
		},
		{
			"from": [18, 12, 2],
			"to": [18.5, 13, 3],
			"rotation": {"angle": -22.5, "axis": "y", "origin": [18, 12.5, 3]},
			"faces": {
				"north": {"uv": [13, 3, 14, 4], "rotation": 270, "texture": "#flowers", "cullface": "east"},
				"east": {"uv": [13, 3, 14, 4], "texture": "#flowers", "cullface": "east"},
				"west": {"uv": [13, 3, 14, 4], "rotation": 180, "texture": "#flowers", "cullface": "east"},
				"up": {"uv": [13, 3, 14, 4], "rotation": 90, "texture": "#flowers", "cullface": "east"},
				"down": {"uv": [13, 3, 14, 4], "rotation": 90, "texture": "#flowers", "cullface": "east"}
			}
		},
		{
			"from": [18, 13, 3],
			"to": [18.5, 14, 4],
			"rotation": {"angle": -22.5, "axis": "z", "origin": [18, 13, 3.5]},
			"faces": {
				"north": {"uv": [12, 2, 13, 3], "rotation": 270, "texture": "#flowers", "cullface": "east"},
				"east": {"uv": [12, 2, 13, 3], "texture": "#flowers", "cullface": "east"},
				"south": {"uv": [12, 2, 13, 3], "rotation": 90, "texture": "#flowers", "cullface": "east"},
				"west": {"uv": [12, 2, 13, 3], "rotation": 180, "texture": "#flowers", "cullface": "east"},
				"up": {"uv": [12, 2, 13, 3], "rotation": 90, "texture": "#flowers", "cullface": "east"}
			}
		},
		{
			"from": [18, 11, 3],
			"to": [18.5, 12, 4],
			"rotation": {"angle": 22.5, "axis": "z", "origin": [18, 12, 3.5]},
			"faces": {
				"north": {"uv": [12, 4, 13, 5], "rotation": 270, "texture": "#flowers", "cullface": "east"},
				"east": {"uv": [12, 4, 13, 5], "texture": "#flowers", "cullface": "east"},
				"south": {"uv": [12, 4, 13, 5], "rotation": 90, "texture": "#flowers", "cullface": "east"},
				"west": {"uv": [12, 4, 13, 5], "rotation": 180, "texture": "#flowers", "cullface": "east"},
				"down": {"uv": [12, 4, 13, 5], "rotation": 90, "texture": "#flowers", "cullface": "east"}
			}
		},
		{
			"from": [18, 12, 3],
			"to": [18.5, 13, 4],
			"rotation": {"angle": 0, "axis": "y", "origin": [18, 12.5, 3.5]},
			"faces": {
				"north": {"uv": [12, 3, 13, 4], "rotation": 270, "texture": "#flowers", "cullface": "east"},
				"east": {"uv": [12, 3, 13, 4], "texture": "#flowers", "cullface": "east"},
				"south": {"uv": [12, 3, 13, 4], "rotation": 90, "texture": "#flowers", "cullface": "east"},
				"west": {"uv": [12, 3, 13, 4], "rotation": 180, "texture": "#flowers", "cullface": "east"},
				"up": {"uv": [12, 3, 13, 4], "rotation": 90, "texture": "#flowers", "cullface": "east"},
				"down": {"uv": [12, 3, 13, 4], "rotation": 90, "texture": "#flowers", "cullface": "east"}
			}
		},
		{
			"from": [18.25, 7, 14],
			"to": [18.75, 8, 15],
			"rotation": {"angle": 22.5, "axis": "y", "origin": [18.25, 7.5, 14]},
			"faces": {
				"east": {"uv": [1, 8, 2, 9], "texture": "#flowers", "cullface": "east"},
				"south": {"uv": [1, 8, 2, 9], "rotation": 90, "texture": "#flowers", "cullface": "east"},
				"west": {"uv": [1, 8, 2, 9], "rotation": 180, "texture": "#flowers", "cullface": "east"},
				"up": {"uv": [1, 8, 2, 9], "rotation": 90, "texture": "#flowers", "cullface": "east"},
				"down": {"uv": [1, 8, 2, 9], "rotation": 90, "texture": "#flowers", "cullface": "east"}
			}
		},
		{
			"from": [18.25, 7, 12],
			"to": [18.75, 8, 13],
			"rotation": {"angle": -22.5, "axis": "y", "origin": [18.25, 7.5, 13]},
			"faces": {
				"north": {"uv": [3, 8, 4, 9], "rotation": 270, "texture": "#flowers", "cullface": "east"},
				"east": {"uv": [3, 8, 4, 9], "texture": "#flowers", "cullface": "east"},
				"west": {"uv": [3, 8, 4, 9], "rotation": 180, "texture": "#flowers", "cullface": "east"},
				"up": {"uv": [3, 8, 4, 9], "rotation": 90, "texture": "#flowers", "cullface": "east"},
				"down": {"uv": [3, 8, 4, 9], "rotation": 90, "texture": "#flowers", "cullface": "east"}
			}
		},
		{
			"from": [18.25, 8, 13],
			"to": [18.75, 9, 14],
			"rotation": {"angle": -22.5, "axis": "z", "origin": [18.25, 8, 13.5]},
			"faces": {
				"north": {"uv": [2, 7, 3, 8], "rotation": 270, "texture": "#flowers", "cullface": "east"},
				"east": {"uv": [2, 7, 3, 8], "texture": "#flowers", "cullface": "east"},
				"south": {"uv": [2, 7, 3, 8], "rotation": 90, "texture": "#flowers", "cullface": "east"},
				"west": {"uv": [2, 7, 3, 8], "rotation": 180, "texture": "#flowers", "cullface": "east"},
				"up": {"uv": [2, 7, 3, 8], "rotation": 90, "texture": "#flowers", "cullface": "east"}
			}
		},
		{
			"from": [18.25, 6, 13],
			"to": [18.75, 7, 14],
			"rotation": {"angle": 22.5, "axis": "z", "origin": [18.25, 7, 13.5]},
			"faces": {
				"north": {"uv": [2, 9, 3, 10], "rotation": 270, "texture": "#flowers", "cullface": "east"},
				"east": {"uv": [2, 9, 3, 10], "texture": "#flowers", "cullface": "east"},
				"south": {"uv": [2, 9, 3, 10], "rotation": 90, "texture": "#flowers", "cullface": "east"},
				"west": {"uv": [2, 9, 3, 10], "rotation": 180, "texture": "#flowers", "cullface": "east"},
				"down": {"uv": [2, 9, 3, 10], "rotation": 90, "texture": "#flowers", "cullface": "east"}
			}
		},
		{
			"from": [18.25, 7, 13],
			"to": [18.75, 8, 14],
			"rotation": {"angle": 0, "axis": "y", "origin": [18.25, 7.5, 13.5]},
			"faces": {
				"north": {"uv": [2, 8, 3, 9], "rotation": 270, "texture": "#flowers", "cullface": "east"},
				"east": {"uv": [2, 8, 3, 9], "texture": "#flowers", "cullface": "east"},
				"south": {"uv": [2, 8, 3, 9], "rotation": 90, "texture": "#flowers", "cullface": "east"},
				"west": {"uv": [2, 8, 3, 9], "rotation": 180, "texture": "#flowers", "cullface": "east"},
				"up": {"uv": [2, 8, 3, 9], "rotation": 90, "texture": "#flowers", "cullface": "east"},
				"down": {"uv": [2, 8, 3, 9], "rotation": 90, "texture": "#flowers", "cullface": "east"}
			}
		},
		{
			"from": [17.5, 4, 6],
			"to": [18, 5, 7],
			"rotation": {"angle": 22.5, "axis": "y", "origin": [17.5, 4.5, 6]},
			"faces": {
				"east": {"uv": [9, 12, 10, 13], "texture": "#flowers", "cullface": "east"},
				"south": {"uv": [9, 12, 10, 13], "rotation": 90, "texture": "#flowers", "cullface": "east"},
				"west": {"uv": [9, 12, 10, 13], "rotation": 180, "texture": "#flowers", "cullface": "east"},
				"up": {"uv": [9, 12, 10, 13], "rotation": 90, "texture": "#flowers", "cullface": "east"},
				"down": {"uv": [9, 12, 10, 13], "rotation": 90, "texture": "#flowers", "cullface": "east"}
			}
		},
		{
			"from": [17.5, 4, 4],
			"to": [18, 5, 5],
			"rotation": {"angle": -22.5, "axis": "y", "origin": [17.5, 4.5, 5]},
			"faces": {
				"north": {"uv": [11, 12, 12, 13], "rotation": 270, "texture": "#flowers", "cullface": "east"},
				"east": {"uv": [11, 12, 12, 13], "texture": "#flowers", "cullface": "east"},
				"west": {"uv": [11, 12, 12, 13], "rotation": 180, "texture": "#flowers", "cullface": "east"},
				"up": {"uv": [11, 12, 12, 13], "rotation": 90, "texture": "#flowers", "cullface": "east"},
				"down": {"uv": [11, 12, 12, 13], "rotation": 90, "texture": "#flowers", "cullface": "east"}
			}
		},
		{
			"from": [17.5, 5, 5],
			"to": [18, 6, 6],
			"rotation": {"angle": -22.5, "axis": "z", "origin": [17.5, 5, 5.5]},
			"faces": {
				"north": {"uv": [10, 11, 11, 12], "rotation": 270, "texture": "#flowers", "cullface": "east"},
				"east": {"uv": [10, 11, 11, 12], "texture": "#flowers", "cullface": "east"},
				"south": {"uv": [10, 11, 11, 12], "rotation": 90, "texture": "#flowers", "cullface": "east"},
				"west": {"uv": [10, 11, 11, 12], "rotation": 180, "texture": "#flowers", "cullface": "east"},
				"up": {"uv": [10, 11, 11, 12], "rotation": 90, "texture": "#flowers", "cullface": "east"}
			}
		},
		{
			"from": [17.5, 3, 5],
			"to": [18, 4, 6],
			"rotation": {"angle": 22.5, "axis": "z", "origin": [17.5, 4, 5.5]},
			"faces": {
				"north": {"uv": [10, 13, 11, 14], "rotation": 270, "texture": "#flowers", "cullface": "east"},
				"east": {"uv": [10, 13, 11, 14], "texture": "#flowers", "cullface": "east"},
				"south": {"uv": [10, 13, 11, 14], "rotation": 90, "texture": "#flowers", "cullface": "east"},
				"west": {"uv": [10, 13, 11, 14], "rotation": 180, "texture": "#flowers", "cullface": "east"},
				"down": {"uv": [10, 13, 11, 14], "rotation": 90, "texture": "#flowers", "cullface": "east"}
			}
		},
		{
			"from": [17.5, 4, 5],
			"to": [18, 5, 6],
			"rotation": {"angle": 0, "axis": "y", "origin": [17.5, 4.5, 5.5]},
			"faces": {
				"north": {"uv": [10, 12, 11, 13], "rotation": 270, "texture": "#flowers", "cullface": "east"},
				"east": {"uv": [10, 12, 11, 13], "texture": "#flowers", "cullface": "east"},
				"south": {"uv": [10, 12, 11, 13], "rotation": 90, "texture": "#flowers", "cullface": "east"},
				"west": {"uv": [10, 12, 11, 13], "rotation": 180, "texture": "#flowers", "cullface": "east"},
				"up": {"uv": [10, 12, 11, 13], "rotation": 90, "texture": "#flowers", "cullface": "east"},
				"down": {"uv": [10, 12, 11, 13], "rotation": 90, "texture": "#flowers", "cullface": "east"}
			}
		}
	],
	"display": {
		"thirdperson_righthand": {
			"rotation": [75, 45, 0],
			"translation": [0, 2.5, 0],
			"scale": [0.375, 0.375, 0.375]
		},
		"thirdperson_lefthand": {
			"rotation": [75, 45, 0],
			"translation": [0, 2.5, 0],
			"scale": [0.375, 0.375, 0.375]
		},
		"firstperson_righthand": {
			"rotation": [0, 45, 0],
			"scale": [0.4, 0.4, 0.4]
		},
		"firstperson_lefthand": {
			"rotation": [0, -135, 0],
			"scale": [0.4, 0.4, 0.4]
		},
		"ground": {
			"translation": [0, 3, 0],
			"scale": [0.25, 0.25, 0.25]
		},
		"gui": {
			"rotation": [30, -135, 0],
			"scale": [0.625, 0.625, 0.625]
		},
		"fixed": {
			"scale": [0.5, 0.5, 0.5]
		}
	},
	"groups": [
		{
			"name": "leaves",
			"origin": [8, 8, 8],
			"color": 0,
			"children": [
				{
					"name": "up",
					"origin": [8, 8, 8],
					"color": 0,
					"children": [
						{
							"name": "up1",
							"origin": [8, 8, 8],
							"color": 0,
							"children": [0, 1, 2, 3]
						},
						{
							"name": "up2",
							"origin": [8, 8, 8],
							"color": 0,
							"children": [4, 5, 6, 7]
						},
						{
							"name": "up3",
							"origin": [8, 8, 8],
							"color": 0,
							"children": [8, 9, 10, 11]
						},
						{
							"name": "up4",
							"origin": [8, 8, 8],
							"color": 0,
							"children": [12, 13, 14, 15]
						}
					]
				},
				{
					"name": "down",
					"origin": [8, 8, 8],
					"color": 0,
					"children": [
						{
							"name": "down1",
							"origin": [8, 8, 8],
							"color": 0,
							"children": [16, 17, 18, 19]
						},
						{
							"name": "down2",
							"origin": [8, 8, 8],
							"color": 0,
							"children": [20, 21, 22, 23]
						},
						{
							"name": "down3",
							"origin": [8, 8, 8],
							"color": 0,
							"children": [24, 25, 26, 27]
						},
						{
							"name": "down4",
							"origin": [8, 8, 8],
							"color": 0,
							"children": [28, 29, 30, 31]
						}
					]
				},
				{
					"name": "north",
					"origin": [8, 8, 8],
					"color": 0,
					"children": [
						{
							"name": "north1",
							"origin": [8, 8, 8],
							"color": 0,
							"children": [32, 33, 34, 35]
						},
						{
							"name": "north2",
							"origin": [8, 8, 8],
							"color": 0,
							"children": [36, 37, 38, 39]
						},
						{
							"name": "north3",
							"origin": [8, 8, 8],
							"color": 0,
							"children": [40, 41, 42, 43]
						},
						{
							"name": "north4",
							"origin": [8, 8, 8],
							"color": 0,
							"children": [44, 45, 46, 47]
						}
					]
				},
				{
					"name": "south",
					"origin": [8, 8, 8],
					"color": 0,
					"children": [
						{
							"name": "south1",
							"origin": [8, 8, 8],
							"color": 0,
							"children": [48, 49, 50, 51]
						},
						{
							"name": "south2",
							"origin": [8, 8, 8],
							"color": 0,
							"children": [52, 53, 54, 55]
						},
						{
							"name": "south3",
							"origin": [8, 8, 8],
							"color": 0,
							"children": [56, 57, 58, 59]
						},
						{
							"name": "south4",
							"origin": [8, 8, 8],
							"color": 0,
							"children": [60, 61, 62, 63]
						}
					]
				},
				{
					"name": "west",
					"origin": [8, 8, 8],
					"color": 0,
					"children": [
						{
							"name": "west1",
							"origin": [8, 8, 8],
							"color": 0,
							"children": [64, 65, 66, 67]
						},
						{
							"name": "west2",
							"origin": [8, 8, 8],
							"color": 0,
							"children": [68, 69, 70, 71]
						},
						{
							"name": "west3",
							"origin": [8, 8, 8],
							"color": 0,
							"children": [72, 73, 74, 75]
						},
						{
							"name": "west4",
							"origin": [8, 8, 8],
							"color": 0,
							"children": [76, 77, 78, 79]
						}
					]
				},
				{
					"name": "east",
					"origin": [8, 8, 8],
					"color": 0,
					"children": [
						{
							"name": "east1",
							"origin": [8, 8, 8],
							"color": 0,
							"children": [80, 81, 82, 83]
						},
						{
							"name": "east2",
							"origin": [8, 8, 8],
							"color": 0,
							"children": [84, 85, 86, 87]
						},
						{
							"name": "east3",
							"origin": [8, 8, 8],
							"color": 0,
							"children": [88, 89, 90, 91]
						},
						{
							"name": "east4",
							"origin": [8, 8, 8],
							"color": 0,
							"children": [92, 93, 94, 95]
						}
					]
				},
				{
					"name": "flowers",
					"origin": [8, 8, 8],
					"color": 0,
					"children": [
						{
							"name": "up",
							"origin": [8, 8, 8],
							"color": 0,
							"children": [
								{
									"name": "flower_1",
									"origin": [0, 0, 0],
									"color": 0,
									"children": [96, 97, 98, 99, 100]
								},
								{
									"name": "flower_2",
									"origin": [0, 0, 0],
									"color": 0,
									"children": [101, 102, 103, 104, 105]
								},
								{
									"name": "flower_3",
									"origin": [0, 0, 0],
									"color": 0,
									"children": [106, 107, 108, 109, 110]
								}
							]
						},
						{
							"name": "down",
							"origin": [8, 8, 8],
							"color": 0,
							"children": [
								{
									"name": "flower_1",
									"origin": [0, 0, 0],
									"color": 0,
									"children": [111, 112, 113, 114, 115]
								},
								{
									"name": "flower_2",
									"origin": [0, 0, 0],
									"color": 0,
									"children": [116, 117, 118, 119, 120]
								},
								{
									"name": "flower_3",
									"origin": [0, 0, 0],
									"color": 0,
									"children": [121, 122, 123, 124, 125]
								}
							]
						},
						{
							"name": "north",
							"origin": [8, 8, 8],
							"color": 0,
							"children": [
								{
									"name": "flower_1",
									"origin": [0, 0, 0],
									"color": 0,
									"children": [126, 127, 128, 129, 130]
								},
								{
									"name": "flower_2",
									"origin": [0, 0, 0],
									"color": 0,
									"children": [131, 132, 133, 134, 135]
								},
								{
									"name": "flower_3",
									"origin": [0, 0, 0],
									"color": 0,
									"children": [136, 137, 138, 139, 140]
								}
							]
						},
						{
							"name": "south",
							"origin": [8, 8, 8],
							"color": 0,
							"children": [
								{
									"name": "flower_1",
									"origin": [0, 0, 0],
									"color": 0,
									"children": [141, 142, 143, 144, 145]
								},
								{
									"name": "flower_2",
									"origin": [0, 0, 0],
									"color": 0,
									"children": [146, 147, 148, 149, 150]
								},
								{
									"name": "flower_3",
									"origin": [0, 0, 0],
									"color": 0,
									"children": [151, 152, 153, 154, 155]
								}
							]
						},
						{
							"name": "west",
							"origin": [8, 8, 8],
							"color": 0,
							"children": [
								{
									"name": "flower_1",
									"origin": [0, 0, 0],
									"color": 0,
									"children": [156, 157, 158, 159, 160]
								},
								{
									"name": "flower_2",
									"origin": [0, 0, 0],
									"color": 0,
									"children": [161, 162, 163, 164, 165]
								},
								{
									"name": "flower_3",
									"origin": [0, 0, 0],
									"color": 0,
									"children": [166, 167, 168, 169, 170]
								}
							]
						},
						{
							"name": "east",
							"origin": [8, 8, 8],
							"color": 0,
							"children": [
								{
									"name": "flower_1",
									"origin": [0, 0, 0],
									"color": 0,
									"children": [171, 172, 173, 174, 175]
								},
								{
									"name": "flower_2",
									"origin": [0, 0, 0],
									"color": 0,
									"children": [176, 177, 178, 179, 180]
								},
								{
									"name": "flower_3",
									"origin": [0, 0, 0],
									"color": 0,
									"children": [181, 182, 183, 184, 185]
								}
							]
						}
					]
				}
			]
		}
	]
}