{
  "parent": "mcremake:recipes/root",
  "criteria": {
    "has_log": {
      "conditions": {
        "items": [
          {
            "items": "#minecraft:cherry_logs"
          }
        ]
      },
      "trigger": "minecraft:inventory_changed"
    },
    "has_the_recipe": {
      "conditions": {
        "recipe": "minecraft:cherry_planks"
      },
      "trigger": "minecraft:recipe_unlocked"
    }
  },
  "requirements": [
    [
      "has_the_recipe",
      "has_log"
    ]
  ],
  "rewards": {
    "recipes": [
      "minecraft:cherry_planks"
    ]
  }
}