{
  "parent": "mcremake:recipes/root",
  "criteria": {
    "has_red_sandstone": {
      "conditions": {
        "items": [
          {
            "items": "minecraft:red_sandstone"
          }
        ]
      },
      "trigger": "minecraft:inventory_changed"
    },
    "has_the_recipe": {
      "conditions": {
        "recipe": "minecraft:chiseled_red_sandstone_from_red_sandstone_stonecutting"
      },
      "trigger": "minecraft:recipe_unlocked"
    }
  },
  "requirements": [
    [
      "has_the_recipe",
      "has_red_sandstone"
    ]
  ],
  "rewards": {
    "recipes": [
      "minecraft:chiseled_red_sandstone_from_red_sandstone_stonecutting"
    ]
  }
}