{
  "parent": "mcremake:recipes/root",
  "criteria": {
    "has_the_recipe": {
      "conditions": {
        "recipe": "minecraft:chiseled_tuff"
      },
      "trigger": "minecraft:recipe_unlocked"
    },
    "has_tuff_slab": {
      "conditions": {
        "items": [
          {
            "items": "minecraft:tuff_slab"
          }
        ]
      },
      "trigger": "minecraft:inventory_changed"
    }
  },
  "requirements": [
    [
      "has_the_recipe",
      "has_tuff_slab"
    ]
  ],
  "rewards": {
    "recipes": [
      "minecraft:chiseled_tuff"
    ]
  }
}