{
  "parent": "mcremake:recipes/root",
  "criteria": {
    "has_terracotta": {
      "conditions": {
        "items": [
          {
            "items": "minecraft:terracotta"
          }
        ]
      },
      "trigger": "minecraft:inventory_changed"
    },
    "has_the_recipe": {
      "conditions": {
        "recipe": "minecraft:orange_terracotta"
      },
      "trigger": "minecraft:recipe_unlocked"
    }
  },
  "requirements": [
    [
      "has_the_recipe",
      "has_terracotta"
    ]
  ],
  "rewards": {
    "recipes": [
      "minecraft:orange_terracotta"
    ]
  }
}