{
  "parent": "mcremake:recipes/root",
  "criteria": {
    "has_the_recipe": {
      "conditions": {
        "recipe": "minecraft:polished_tuff_slab_from_tuff_stonecutting"
      },
      "trigger": "minecraft:recipe_unlocked"
    },
    "has_tuff": {
      "conditions": {
        "items": [
          {
            "items": "minecraft:tuff"
          }
        ]
      },
      "trigger": "minecraft:inventory_changed"
    }
  },
  "requirements": [
    [
      "has_the_recipe",
      "has_tuff"
    ]
  ],
  "rewards": {
    "recipes": [
      "minecraft:polished_tuff_slab_from_tuff_stonecutting"
    ]
  }
}