{
  "parent": "mcremake:recipes/root",
  "criteria": {
    "has_andesite": {
      "conditions": {
        "items": [
          {
            "items": "minecraft:andesite"
          }
        ]
      },
      "trigger": "minecraft:inventory_changed"
    },
    "has_the_recipe": {
      "conditions": {
        "recipe": "minecraft:polished_andesite_slab_from_andesite_stonecutting"
      },
      "trigger": "minecraft:recipe_unlocked"
    }
  },
  "requirements": [
    [
      "has_the_recipe",
      "has_andesite"
    ]
  ],
  "rewards": {
    "recipes": [
      "minecraft:polished_andesite_slab_from_andesite_stonecutting"
    ]
  }
}