{
  "parent": "mcremake:recipes/root",
  "criteria": {
    "has_polished_blackstone": {
      "conditions": {
        "items": [
          {
            "items": "minecraft:polished_blackstone"
          }
        ]
      },
      "trigger": "minecraft:inventory_changed"
    },
    "has_the_recipe": {
      "conditions": {
        "recipe": "minecraft:polished_blackstone_bricks_from_polished_blackstone_stonecutting"
      },
      "trigger": "minecraft:recipe_unlocked"
    }
  },
  "requirements": [
    [
      "has_the_recipe",
      "has_polished_blackstone"
    ]
  ],
  "rewards": {
    "recipes": [
      "minecraft:polished_blackstone_bricks_from_polished_blackstone_stonecutting"
    ]
  }
}