{
  "parent": "mcremake:recipes/root",
  "criteria": {
    "has_polished_diorite": {
      "conditions": {
        "items": [
          {
            "items": "minecraft:polished_diorite"
          }
        ]
      },
      "trigger": "minecraft:inventory_changed"
    },
    "has_the_recipe": {
      "conditions": {
        "recipe": "minecraft:polished_diorite_slab"
      },
      "trigger": "minecraft:recipe_unlocked"
    }
  },
  "requirements": [
    [
      "has_the_recipe",
      "has_polished_diorite"
    ]
  ],
  "rewards": {
    "recipes": [
      "minecraft:polished_diorite_slab"
    ]
  }
}