{
  "parent": "mcremake:recipes/root",
  "criteria": {
    "has_prismarine": {
      "conditions": {
        "items": [
          {
            "items": "minecraft:prismarine"
          }
        ]
      },
      "trigger": "minecraft:inventory_changed"
    },
    "has_the_recipe": {
      "conditions": {
        "recipe": "minecraft:prismarine_stairs_from_prismarine_stonecutting"
      },
      "trigger": "minecraft:recipe_unlocked"
    }
  },
  "requirements": [
    [
      "has_the_recipe",
      "has_prismarine"
    ]
  ],
  "rewards": {
    "recipes": [
      "minecraft:prismarine_stairs_from_prismarine_stonecutting"
    ]
  }
}