{
  "parent": "mcremake:recipes/root",
  "criteria": {
    "has_planks": {
      "conditions": {
        "items": [
          {
            "items": "minecraft:spruce_planks"
          }
        ]
      },
      "trigger": "minecraft:inventory_changed"
    },
    "has_the_recipe": {
      "conditions": {
        "recipe": "minecraft:spruce_stairs"
      },
      "trigger": "minecraft:recipe_unlocked"
    }
  },
  "requirements": [
    [
      "has_the_recipe",
      "has_planks"
    ]
  ],
  "rewards": {
    "recipes": [
      "minecraft:spruce_stairs"
    ]
  }
}