{
  "parent": "mcremake:recipes/root",
  "criteria": {
    "has_stone": {
      "conditions": {
        "items": [
          {
            "items": "minecraft:stone"
          }
        ]
      },
      "trigger": "minecraft:inventory_changed"
    },
    "has_the_recipe": {
      "conditions": {
        "recipe": "minecraft:stone_brick_slab_from_stone_stonecutting"
      },
      "trigger": "minecraft:recipe_unlocked"
    }
  },
  "requirements": [
    [
      "has_the_recipe",
      "has_stone"
    ]
  ],
  "rewards": {
    "recipes": [
      "minecraft:stone_brick_slab_from_stone_stonecutting"
    ]
  }
}