{
  "parent": "mcremake:recipes/root",
  "criteria": {
    "has_chiseled_copper": {
      "conditions": {
        "items": [
          {
            "items": "minecraft:chiseled_copper"
          }
        ]
      },
      "trigger": "minecraft:inventory_changed"
    },
    "has_the_recipe": {
      "conditions": {
        "recipe": "minecraft:waxed_chiseled_copper_from_honeycomb"
      },
      "trigger": "minecraft:recipe_unlocked"
    }
  },
  "requirements": [
    [
      "has_the_recipe",
      "has_chiseled_copper"
    ]
  ],
  "rewards": {
    "recipes": [
      "minecraft:waxed_chiseled_copper_from_honeycomb"
    ]
  }
}