{
	"format_version": "1.21.6",
	"credit": "§2§kSpazma§r§4§knazer §r§1§kTwins§r§f§k: §r§7§kdo you like puzzles?",
	"ambientocclusion": false,
	"textures": {
		"particle": "block/crimson_roots",
		"cross": "block/crimson_roots"
	},
	"elements": [
		{
			"from": [-7.2, 0, 8],
			"to": [7.2, 16, 8],
			"shade": false,
			"rotation": {"angle": 45, "axis": "y", "origin": [0, 0, 0], "rescale": true},
			"faces": {
				"north": {"uv": [0, 0, 16, 16], "texture": "#cross"},
				"south": {"uv": [16, 0, 0, 16], "texture": "#cross"}
			}
		},
		{
			"from": [0, 0, 0.8],
			"to": [0, 16, 15.2],
			"shade": false,
			"rotation": {"angle": 45, "axis": "y", "origin": [0, 0, 0], "rescale": true},
			"faces": {
				"east": {"uv": [16, 0, 0, 16], "texture": "#cross"},
				"west": {"uv": [0, 0, 16, 16], "texture": "#cross"}
			}
		},
		{
			"from": [0.8, -3.06147, 7.39104],
			"to": [15.2, 12.93853, 7.39104],
			"shade": false,
			"rotation": {"angle": -22.5, "axis": "x", "origin": [0, 0, 0]},
			"faces": {
				"north": {"uv": [0, 0, 16, 16], "texture": "#cross"},
				"south": {"uv": [16, 0, 0, 16], "texture": "#cross"}
			}
		},
		{
			"from": [0.8, -5.65685, 5.65685],
			"to": [15.2, 10.34315, 5.65685],
			"shade": false,
			"rotation": {"angle": -45, "axis": "x", "origin": [0, 0, 0]},
			"faces": {
				"north": {"uv": [0, 0, 16, 16], "texture": "#cross"},
				"south": {"uv": [16, 0, 0, 16], "texture": "#cross"}
			}
		},
		{
			"from": [0.8, 3.06147, -8.60896],
			"to": [15.2, 3.06147, 7.39104],
			"shade": false,
			"rotation": {"angle": 22.5, "axis": "x", "origin": [0, 0, 0]},
			"faces": {
				"up": {"uv": [16, 0, 0, 16], "texture": "#cross"},
				"down": {"uv": [0, 0, 16, 16], "rotation": 180, "texture": "#cross"}
			}
		},
		{
			"from": [0.8, -3.06147, 7.39104],
			"to": [15.2, -3.06147, 23.39104],
			"shade": false,
			"rotation": {"angle": -22.5, "axis": "x", "origin": [0, 0, 0]},
			"faces": {
				"up": {"uv": [0, 0, 16, 16], "rotation": 180, "texture": "#cross"},
				"down": {"uv": [16, 0, 0, 16], "texture": "#cross"}
			}
		},
		{
			"from": [0.8, 5.65685, 5.65685],
			"to": [15.2, 21.65685, 5.65685],
			"shade": false,
			"rotation": {"angle": 45, "axis": "x", "origin": [0, 0, 0]},
			"faces": {
				"north": {"uv": [0, 0, 16, 16], "texture": "#cross"},
				"south": {"uv": [16, 0, 0, 16], "texture": "#cross"}
			}
		},
		{
			"from": [0.8, 3.06147, 7.39104],
			"to": [15.2, 19.06147, 7.39104],
			"shade": false,
			"rotation": {"angle": 22.5, "axis": "x", "origin": [0, 0, 0]},
			"faces": {
				"north": {"uv": [0, 0, 16, 16], "texture": "#cross"},
				"south": {"uv": [16, 0, 0, 16], "texture": "#cross"}
			}
		},
		{
			"from": [7.39104, 3.06147, 0.8],
			"to": [7.39104, 19.06147, 15.2],
			"shade": false,
			"rotation": {"angle": -22.5, "axis": "z", "origin": [0, 0, 0]},
			"faces": {
				"east": {"uv": [16, 0, 0, 16], "texture": "#cross"},
				"west": {"uv": [0, 0, 16, 16], "texture": "#cross"}
			}
		},
		{
			"from": [5.65685, 5.65685, 0.8],
			"to": [5.65685, 21.65685, 15.2],
			"shade": false,
			"rotation": {"angle": -45, "axis": "z", "origin": [0, 0, 0]},
			"faces": {
				"east": {"uv": [16, 0, 0, 16], "texture": "#cross"},
				"west": {"uv": [0, 0, 16, 16], "texture": "#cross"}
			}
		},
		{
			"from": [7.39104, -3.06147, 0.8],
			"to": [23.39104, -3.06147, 15.2],
			"shade": false,
			"rotation": {"angle": 22.5, "axis": "z", "origin": [0, 0, 0]},
			"faces": {
				"up": {"uv": [0, 0, 16, 16], "rotation": 90, "texture": "#cross"},
				"down": {"uv": [16, 0, 0, 16], "rotation": 90, "texture": "#cross"}
			}
		},
		{
			"from": [-8.60896, 3.06147, 0.8],
			"to": [7.39104, 3.06147, 15.2],
			"shade": false,
			"rotation": {"angle": -22.5, "axis": "z", "origin": [0, 0, 0]},
			"faces": {
				"up": {"uv": [16, 0, 0, 16], "rotation": 270, "texture": "#cross"},
				"down": {"uv": [0, 0, 16, 16], "rotation": 270, "texture": "#cross"}
			}
		},
		{
			"from": [5.65685, -5.65685, 0.8],
			"to": [5.65685, 10.34315, 15.2],
			"shade": false,
			"rotation": {"angle": 45, "axis": "z", "origin": [0, 0, 0]},
			"faces": {
				"east": {"uv": [16, 0, 0, 16], "texture": "#cross"},
				"west": {"uv": [0, 0, 16, 16], "texture": "#cross"}
			}
		},
		{
			"from": [7.39104, -3.06147, 0.8],
			"to": [7.39104, 12.93853, 15.2],
			"shade": false,
			"rotation": {"angle": 22.5, "axis": "z", "origin": [0, 0, 0]},
			"faces": {
				"east": {"uv": [16, 0, 0, 16], "texture": "#cross"},
				"west": {"uv": [0, 0, 16, 16], "texture": "#cross"}
			}
		}
	],
	"groups": [
		{
			"name": "base",
			"origin": [8, 8, 8],
			"color": 0,
			"shade": false,
			"children": [
				0,
				1,
				{
					"name": "north",
					"origin": [8, 8, 8],
					"color": 0,
					"shade": false,
					"children": [2, 3, 4]
				},
				{
					"name": "south",
					"origin": [8, 8, 8],
					"color": 0,
					"shade": false,
					"children": [5, 6, 7]
				},
				{
					"name": "east",
					"origin": [8, 8, 8],
					"color": 0,
					"shade": false,
					"children": [8, 9, 10]
				},
				{
					"name": "west",
					"origin": [8, 8, 8],
					"color": 0,
					"shade": false,
					"children": [11, 12, 13]
				}
			]
		}
	]
}