{ 
  "parent": "mcremake:recipes/brewing/root",
  "criteria": {
    "crafting_table": {
      "conditions": {
        "items": [
          {
            "items": "minecraft:crafting_table"
          }
        ]
      },
      "trigger": "minecraft:inventory_changed"
    }
  },
  "sends_telemetry_event": false,
  "display": {
	"announce_to_chat": false,
	"show_toast": false,
    "description": {
      "translate": ""
    },
    "icon": {
      "count": 1,
      "id": "minecraft:crafting_table"
    },
    "title": {
      "translate": "block.minecraft.crafting_table"
    }
  },
  "requirements": [
    [
      "crafting_table"
    ]
  ]
}