{ 
  "parent": "mcremake:recipes/root",
  "criteria": {
    "brewing": {
      "conditions": {
        "items": [
          {
            "items": "minecraft:crafting_table"
          }
        ]
      },
      "trigger": "minecraft:inventory_changed"
    }
  },
  "sends_telemetry_event": false,
  "display": {
	"announce_to_chat": false,
	"show_toast": false,
    "description": {
      "translate": "mcremake.advancement.recipes.brewing.description"
    },
    "icon": {
      "count": 1,
      "id": "minecraft:brewing_stand"
    },
    "title": {
      "translate": "mcremake.advancement.recipes.brewing"
    }
  },
  "requirements": [
    [
      "brewing"
    ]
  ]
}